<TextureAtlas imagePath="sheet.png">
	<SubTexture name="fightJoy_60.png" x="100" y="300" width="100" height="100"/>
	<SubTexture name="fightJoy_61.png" x="100" y="200" width="100" height="100"/>
	<SubTexture name="fightJoy_62.png" x="100" y="100" width="100" height="100"/>
	<SubTexture name="fightJoy_63.png" x="100" y="0" width="100" height="100"/>
	<SubTexture name="fightJoy_64.png" x="0" y="400" width="100" height="100"/>
	<SubTexture name="fightJoy_65.png" x="0" y="300" width="100" height="100"/>
	<SubTexture name="fightJoy_66.png" x="0" y="200" width="100" height="100"/>
	<SubTexture name="fightJoy_67.png" x="0" y="100" width="100" height="100"/>
	<SubTexture name="fightJoy_68.png" x="0" y="0" width="100" height="100"/>
	<SubTexture name="fightJoy_69.png" x="100" y="400" width="100" height="100"/>
	<SubTexture name="fightJoy_70.png" x="300" y="200" width="100" height="100"/>
	<SubTexture name="kickBlue.png" x="300" y="100" width="100" height="100"/>
	<SubTexture name="kickHigh.png" x="300" y="0" width="100" height="100"/>
	<SubTexture name="kickLow.png" x="200" y="400" width="100" height="100"/>
	<SubTexture name="kickRed.png" x="200" y="300" width="100" height="100"/>
	<SubTexture name="punchBlue.png" x="200" y="200" width="100" height="100"/>
	<SubTexture name="punchHigh.png" x="200" y="100" width="100" height="100"/>
	<SubTexture name="punchLow.png" x="200" y="0" width="100" height="100"/>
	<SubTexture name="punchRed.png" x="300" y="300" width="100" height="100"/>
</TextureAtlas>