<TextureAtlas imagePath="sheet.png">
	<SubTexture name="fightJoy_40.png" x="0" y="400" width="50" height="50"/>
	<SubTexture name="fightJoy_41.png" x="0" y="350" width="50" height="50"/>
	<SubTexture name="fightJoy_42.png" x="0" y="300" width="50" height="50"/>
	<SubTexture name="fightJoy_43.png" x="0" y="250" width="50" height="50"/>
	<SubTexture name="fightJoy_44.png" x="0" y="200" width="50" height="50"/>
	<SubTexture name="fightJoy_45.png" x="0" y="150" width="50" height="50"/>
	<SubTexture name="fightJoy_46.png" x="0" y="100" width="50" height="50"/>
	<SubTexture name="fightJoy_47.png" x="0" y="50" width="50" height="50"/>
	<SubTexture name="fightJoy_48.png" x="0" y="0" width="50" height="50"/>
	<SubTexture name="fightJoy_49.png" x="50" y="200" width="50" height="50"/>
	<SubTexture name="fightJoy_50.png" x="100" y="350" width="50" height="50"/>
	<SubTexture name="fightJoy_51.png" x="100" y="300" width="50" height="50"/>
	<SubTexture name="fightJoy_52.png" x="100" y="250" width="50" height="50"/>
	<SubTexture name="fightJoy_53.png" x="100" y="200" width="50" height="50"/>
	<SubTexture name="fightJoy_54.png" x="100" y="150" width="50" height="50"/>
	<SubTexture name="fightJoy_55.png" x="100" y="100" width="50" height="50"/>
	<SubTexture name="fightJoy_56.png" x="100" y="50" width="50" height="50"/>
	<SubTexture name="fightJoy_57.png" x="100" y="0" width="50" height="50"/>
	<SubTexture name="fightJoy_58.png" x="50" y="450" width="50" height="50"/>
	<SubTexture name="fightJoy_59.png" x="50" y="400" width="50" height="50"/>
	<SubTexture name="fightJoy_60.png" x="50" y="350" width="50" height="50"/>
	<SubTexture name="fightJoy_61.png" x="50" y="300" width="50" height="50"/>
	<SubTexture name="kick.png" x="50" y="250" width="50" height="50"/>
	<SubTexture name="kickCircle.png" x="100" y="400" width="50" height="50"/>
	<SubTexture name="kickHigh.png" x="50" y="150" width="50" height="50"/>
	<SubTexture name="kickLow.png" x="50" y="100" width="50" height="50"/>
	<SubTexture name="punchCircle.png" x="50" y="50" width="50" height="50"/>
	<SubTexture name="punchHigh.png" x="50" y="0" width="50" height="50"/>
	<SubTexture name="punchLow.png" x="0" y="450" width="50" height="50"/>
</TextureAtlas>