<TextureAtlas imagePath="sheet.png">
	<SubTexture name="carGreen1_000.png" x="33" y="236" width="33" height="30"/>
	<SubTexture name="carGreen1_001.png" x="33" y="408" width="32" height="26"/>
	<SubTexture name="carGreen1_002.png" x="130" y="72" width="18" height="24"/>
	<SubTexture name="carGreen1_003.png" x="33" y="358" width="32" height="27"/>
	<SubTexture name="carGreen1_004.png" x="33" y="297" width="33" height="30"/>
	<SubTexture name="carGreen1_005.png" x="65" y="488" width="32" height="22"/>
	<SubTexture name="carGreen1_006.png" x="99" y="26" width="31" height="23"/>
	<SubTexture name="carGreen1_007.png" x="65" y="433" width="32" height="25"/>
	<SubTexture name="carGreen1_008.png" x="33" y="210" width="33" height="26"/>
	<SubTexture name="carGreen1_009.png" x="99" y="79" width="31" height="23"/>
	<SubTexture name="carGreen1_010.png" x="33" y="327" width="32" height="31"/>
	<SubTexture name="carGreen1_011.png" x="33" y="385" width="32" height="23"/>
	<SubTexture name="carGreen1_012.png" x="130" y="96" width="17" height="24"/>
	<SubTexture name="carGreen1_013.png" x="33" y="115" width="33" height="22"/>
	<SubTexture name="carGreen1_014.png" x="33" y="463" width="32" height="31"/>
	<SubTexture name="carGreen1_015.png" x="35" y="0" width="32" height="22"/>
	<SubTexture name="carGreen2_000.png" x="33" y="434" width="32" height="29"/>
	<SubTexture name="carGreen2_001.png" x="0" y="382" width="33" height="25"/>
	<SubTexture name="carGreen2_002.png" x="131" y="0" width="17" height="22"/>
	<SubTexture name="carGreen2_003.png" x="65" y="327" width="32" height="25"/>
	<SubTexture name="carGreen2_004.png" x="65" y="352" width="32" height="29"/>
	<SubTexture name="carGreen2_005.png" x="129" y="392" width="31" height="22"/>
	<SubTexture name="carGreen2_006.png" x="129" y="482" width="31" height="24"/>
	<SubTexture name="carGreen2_007.png" x="65" y="407" width="32" height="26"/>
	<SubTexture name="carGreen2_008.png" x="66" y="115" width="32" height="25"/>
	<SubTexture name="carGreen2_009.png" x="129" y="346" width="31" height="23"/>
	<SubTexture name="carGreen2_010.png" x="129" y="316" width="31" height="30"/>
	<SubTexture name="carGreen2_011.png" x="0" y="115" width="33" height="22"/>
	<SubTexture name="carGreen2_012.png" x="130" y="245" width="17" height="22"/>
	<SubTexture name="carGreen2_013.png" x="0" y="137" width="33" height="22"/>
	<SubTexture name="carGreen2_014.png" x="99" y="49" width="31" height="30"/>
	<SubTexture name="carGreen2_015.png" x="66" y="252" width="32" height="22"/>
	<SubTexture name="carGreen3_000.png" x="66" y="222" width="32" height="30"/>
	<SubTexture name="carGreen3_001.png" x="66" y="197" width="32" height="25"/>
	<SubTexture name="carGreen3_002.png" x="130" y="291" width="17" height="23"/>
	<SubTexture name="carGreen3_003.png" x="66" y="274" width="32" height="25"/>
	<SubTexture name="carGreen3_004.png" x="97" y="365" width="32" height="29"/>
	<SubTexture name="carGreen3_005.png" x="97" y="418" width="32" height="23"/>
	<SubTexture name="carGreen3_006.png" x="130" y="26" width="31" height="23"/>
	<SubTexture name="carGreen3_007.png" x="0" y="239" width="33" height="26"/>
	<SubTexture name="carGreen3_008.png" x="98" y="157" width="32" height="27"/>
	<SubTexture name="carGreen3_009.png" x="130" y="49" width="31" height="23"/>
	<SubTexture name="carGreen3_010.png" x="67" y="22" width="32" height="30"/>
	<SubTexture name="carGreen3_011.png" x="97" y="321" width="32" height="22"/>
	<SubTexture name="carGreen3_012.png" x="130" y="120" width="17" height="24"/>
	<SubTexture name="carGreen3_013.png" x="98" y="294" width="32" height="22"/>
	<SubTexture name="carGreen3_014.png" x="98" y="184" width="32" height="30"/>
	<SubTexture name="carGreen3_015.png" x="98" y="214" width="32" height="22"/>
	<SubTexture name="carGreen4_000.png" x="98" y="105" width="32" height="21"/>
	<SubTexture name="carGreen4_001.png" x="98" y="236" width="32" height="32"/>
	<SubTexture name="carGreen4_002.png" x="0" y="265" width="33" height="21"/>
	<SubTexture name="carGreen4_003.png" x="0" y="351" width="33" height="31"/>
	<SubTexture name="carGreen4_004.png" x="97" y="466" width="32" height="26"/>
	<SubTexture name="carGreen4_005.png" x="130" y="168" width="17" height="24"/>
	<SubTexture name="carGreen4_006.png" x="99" y="0" width="32" height="26"/>
	<SubTexture name="carGreen4_007.png" x="34" y="83" width="33" height="32"/>
	<SubTexture name="carGreen4_008.png" x="33" y="188" width="33" height="22"/>
	<SubTexture name="carGreen4_009.png" x="129" y="460" width="31" height="22"/>
	<SubTexture name="carGreen4_010.png" x="0" y="181" width="33" height="27"/>
	<SubTexture name="carGreen4_011.png" x="98" y="268" width="32" height="26"/>
	<SubTexture name="carGreen4_012.png" x="129" y="438" width="31" height="22"/>
	<SubTexture name="carGreen4_013.png" x="33" y="266" width="33" height="31"/>
	<SubTexture name="carGreen4_014.png" x="33" y="167" width="33" height="21"/>
	<SubTexture name="carGreen4_015.png" x="130" y="144" width="17" height="24"/>
	<SubTexture name="carGreen5_000.png" x="98" y="126" width="32" height="31"/>
	<SubTexture name="carGreen5_001.png" x="67" y="0" width="32" height="22"/>
	<SubTexture name="carGreen5_002.png" x="33" y="137" width="33" height="30"/>
	<SubTexture name="carGreen5_003.png" x="97" y="441" width="32" height="25"/>
	<SubTexture name="carGreen5_004.png" x="130" y="222" width="17" height="23"/>
	<SubTexture name="carGreen5_005.png" x="97" y="394" width="32" height="24"/>
	<SubTexture name="carGreen5_006.png" x="0" y="286" width="33" height="29"/>
	<SubTexture name="carGreen5_007.png" x="97" y="343" width="32" height="22"/>
	<SubTexture name="carGreen5_008.png" x="129" y="414" width="31" height="24"/>
	<SubTexture name="carGreen5_009.png" x="67" y="78" width="32" height="27"/>
	<SubTexture name="carGreen5_010.png" x="67" y="52" width="32" height="26"/>
	<SubTexture name="carGreen5_011.png" x="129" y="369" width="31" height="23"/>
	<SubTexture name="carGreen5_012.png" x="66" y="140" width="32" height="32"/>
	<SubTexture name="carGreen5_013.png" x="66" y="299" width="32" height="22"/>
	<SubTexture name="carGreen5_014.png" x="130" y="267" width="17" height="24"/>
	<SubTexture name="carGreen5_015.png" x="0" y="159" width="33" height="22"/>
	<SubTexture name="carGreen6_000.png" x="0" y="0" width="35" height="25"/>
	<SubTexture name="carGreen6_001.png" x="0" y="315" width="33" height="36"/>
	<SubTexture name="carGreen6_002.png" x="66" y="172" width="32" height="25"/>
	<SubTexture name="carGreen6_003.png" x="0" y="83" width="34" height="32"/>
	<SubTexture name="carGreen6_004.png" x="0" y="208" width="33" height="31"/>
	<SubTexture name="carGreen6_005.png" x="147" y="96" width="17" height="28"/>
	<SubTexture name="carGreen6_006.png" x="65" y="458" width="32" height="30"/>
	<SubTexture name="carGreen6_007.png" x="0" y="25" width="35" height="32"/>
	<SubTexture name="carGreen6_008.png" x="0" y="407" width="33" height="26"/>
	<SubTexture name="carGreen6_009.png" x="65" y="381" width="32" height="26"/>
	<SubTexture name="carGreen6_010.png" x="0" y="465" width="33" height="32"/>
	<SubTexture name="carGreen6_011.png" x="0" y="433" width="33" height="32"/>
	<SubTexture name="carGreen6_012.png" x="35" y="57" width="32" height="26"/>
	<SubTexture name="carGreen6_013.png" x="35" y="22" width="32" height="35"/>
	<SubTexture name="carGreen6_014.png" x="0" y="57" width="35" height="26"/>
	<SubTexture name="carGreen6_015.png" x="130" y="192" width="17" height="30"/>
</TextureAtlas>