<TextureAtlas imagePath="sheet.png">
	<SubTexture name="ambulance_E.png" x="140" y="193" width="33" height="29"/>
	<SubTexture name="ambulance_N.png" x="236" y="206" width="19" height="27"/>
	<SubTexture name="ambulance_NE.png" x="37" y="178" width="35" height="31"/>
	<SubTexture name="ambulance_NED.png" x="37" y="150" width="35" height="28"/>
	<SubTexture name="ambulance_NEU.png" x="0" y="87" width="38" height="32"/>
	<SubTexture name="ambulance_NW.png" x="37" y="119" width="35" height="31"/>
	<SubTexture name="ambulance_NWD.png" x="73" y="40" width="34" height="28"/>
	<SubTexture name="ambulance_NWU.png" x="0" y="56" width="38" height="31"/>
	<SubTexture name="ambulance_S.png" x="224" y="173" width="19" height="33"/>
	<SubTexture name="ambulance_SE.png" x="38" y="36" width="35" height="35"/>
	<SubTexture name="ambulance_SED.png" x="73" y="0" width="34" height="40"/>
	<SubTexture name="ambulance_SEU.png" x="0" y="0" width="38" height="28"/>
	<SubTexture name="ambulance_SW.png" x="38" y="0" width="35" height="36"/>
	<SubTexture name="ambulance_SWD.png" x="38" y="71" width="35" height="40"/>
	<SubTexture name="ambulance_SWU.png" x="0" y="28" width="38" height="28"/>
	<SubTexture name="ambulance_W.png" x="140" y="52" width="33" height="29"/>
	<SubTexture name="garbage_E.png" x="140" y="81" width="33" height="29"/>
	<SubTexture name="garbage_N.png" x="236" y="26" width="19" height="27"/>
	<SubTexture name="garbage_NE.png" x="72" y="177" width="35" height="31"/>
	<SubTexture name="garbage_NED.png" x="106" y="208" width="34" height="28"/>
	<SubTexture name="garbage_NEU.png" x="0" y="150" width="37" height="32"/>
	<SubTexture name="garbage_NW.png" x="37" y="209" width="35" height="32"/>
	<SubTexture name="garbage_NWD.png" x="73" y="68" width="34" height="28"/>
	<SubTexture name="garbage_NWU.png" x="0" y="119" width="37" height="31"/>
	<SubTexture name="garbage_S.png" x="205" y="173" width="19" height="30"/>
	<SubTexture name="garbage_SE.png" x="72" y="144" width="35" height="33"/>
	<SubTexture name="garbage_SED.png" x="107" y="138" width="33" height="37"/>
	<SubTexture name="garbage_SEU.png" x="0" y="182" width="37" height="28"/>
	<SubTexture name="garbage_SW.png" x="72" y="111" width="35" height="33"/>
	<SubTexture name="garbage_SWD.png" x="72" y="208" width="34" height="37"/>
	<SubTexture name="garbage_SWU.png" x="0" y="210" width="37" height="28"/>
	<SubTexture name="garbage_W.png" x="140" y="23" width="33" height="29"/>
	<SubTexture name="police_E.png" x="205" y="73" width="31" height="24"/>
	<SubTexture name="police_N.png" x="236" y="77" width="17" height="24"/>
	<SubTexture name="police_NE.png" x="173" y="50" width="32" height="26"/>
	<SubTexture name="police_NED.png" x="107" y="51" width="33" height="24"/>
	<SubTexture name="police_NEU.png" x="107" y="75" width="33" height="31"/>
	<SubTexture name="police_NW.png" x="173" y="0" width="32" height="27"/>
	<SubTexture name="police_NWD.png" x="173" y="27" width="32" height="23"/>
	<SubTexture name="police_NWU.png" x="107" y="175" width="33" height="30"/>
	<SubTexture name="police_S.png" x="236" y="53" width="17" height="24"/>
	<SubTexture name="police_SE.png" x="173" y="186" width="32" height="27"/>
	<SubTexture name="police_SED.png" x="173" y="106" width="32" height="32"/>
	<SubTexture name="police_SEU.png" x="140" y="0" width="33" height="23"/>
	<SubTexture name="police_SW.png" x="107" y="24" width="33" height="27"/>
	<SubTexture name="police_SWD.png" x="107" y="106" width="33" height="32"/>
	<SubTexture name="police_SWU.png" x="107" y="0" width="33" height="24"/>
	<SubTexture name="police_W.png" x="205" y="26" width="31" height="24"/>
	<SubTexture name="taxi_E.png" x="205" y="50" width="31" height="23"/>
	<SubTexture name="taxi_N.png" x="236" y="101" width="17" height="23"/>
	<SubTexture name="taxi_NE.png" x="140" y="222" width="32" height="25"/>
	<SubTexture name="taxi_NED.png" x="205" y="151" width="31" height="22"/>
	<SubTexture name="taxi_NEU.png" x="140" y="133" width="33" height="30"/>
	<SubTexture name="taxi_NW.png" x="172" y="222" width="32" height="25"/>
	<SubTexture name="taxi_NWD.png" x="173" y="138" width="32" height="22"/>
	<SubTexture name="taxi_NWU.png" x="140" y="163" width="33" height="30"/>
	<SubTexture name="taxi_S.png" x="236" y="124" width="17" height="23"/>
	<SubTexture name="taxi_SE.png" x="173" y="160" width="32" height="26"/>
	<SubTexture name="taxi_SED.png" x="173" y="76" width="32" height="30"/>
	<SubTexture name="taxi_SEU.png" x="140" y="110" width="33" height="23"/>
	<SubTexture name="taxi_SW.png" x="205" y="0" width="32" height="26"/>
	<SubTexture name="taxi_SWD.png" x="205" y="97" width="31" height="31"/>
	<SubTexture name="taxi_SWU.png" x="204" y="213" width="32" height="22"/>
	<SubTexture name="taxi_W.png" x="205" y="128" width="31" height="23"/>
</TextureAtlas>