<TextureAtlas imagePath="sheet.png">
	<SubTexture name="carSilver1_000.png" x="0" y="393" width="33" height="30"/>
	<SubTexture name="carSilver1_001.png" x="33" y="367" width="32" height="26"/>
	<SubTexture name="carSilver1_002.png" x="130" y="47" width="18" height="24"/>
	<SubTexture name="carSilver1_003.png" x="65" y="415" width="32" height="27"/>
	<SubTexture name="carSilver1_004.png" x="0" y="294" width="33" height="30"/>
	<SubTexture name="carSilver1_005.png" x="65" y="371" width="32" height="22"/>
	<SubTexture name="carSilver1_006.png" x="130" y="24" width="31" height="23"/>
	<SubTexture name="carSilver1_007.png" x="35" y="32" width="32" height="25"/>
	<SubTexture name="carSilver1_008.png" x="0" y="184" width="33" height="26"/>
	<SubTexture name="carSilver1_009.png" x="129" y="404" width="31" height="23"/>
	<SubTexture name="carSilver1_010.png" x="66" y="272" width="32" height="31"/>
	<SubTexture name="carSilver1_011.png" x="33" y="344" width="32" height="23"/>
	<SubTexture name="carSilver1_012.png" x="147" y="94" width="17" height="24"/>
	<SubTexture name="carSilver1_013.png" x="0" y="115" width="33" height="22"/>
	<SubTexture name="carSilver1_014.png" x="66" y="209" width="32" height="31"/>
	<SubTexture name="carSilver1_015.png" x="33" y="444" width="32" height="22"/>
	<SubTexture name="carSilver2_000.png" x="66" y="187" width="32" height="22"/>
	<SubTexture name="carSilver2_001.png" x="67" y="0" width="32" height="29"/>
	<SubTexture name="carSilver2_002.png" x="0" y="159" width="33" height="25"/>
	<SubTexture name="carSilver2_003.png" x="130" y="246" width="17" height="22"/>
	<SubTexture name="carSilver2_004.png" x="97" y="402" width="32" height="25"/>
	<SubTexture name="carSilver2_005.png" x="97" y="427" width="32" height="29"/>
	<SubTexture name="carSilver2_006.png" x="129" y="487" width="31" height="22"/>
	<SubTexture name="carSilver2_007.png" x="130" y="0" width="31" height="24"/>
	<SubTexture name="carSilver2_008.png" x="97" y="482" width="32" height="26"/>
	<SubTexture name="carSilver2_009.png" x="67" y="29" width="32" height="25"/>
	<SubTexture name="carSilver2_010.png" x="129" y="381" width="31" height="23"/>
	<SubTexture name="carSilver2_011.png" x="129" y="427" width="31" height="30"/>
	<SubTexture name="carSilver2_012.png" x="0" y="242" width="33" height="22"/>
	<SubTexture name="carSilver2_013.png" x="130" y="71" width="17" height="22"/>
	<SubTexture name="carSilver2_014.png" x="0" y="350" width="33" height="22"/>
	<SubTexture name="carSilver2_015.png" x="129" y="457" width="31" height="30"/>
	<SubTexture name="carSilver3_000.png" x="98" y="204" width="32" height="30"/>
	<SubTexture name="carSilver3_001.png" x="98" y="156" width="32" height="25"/>
	<SubTexture name="carSilver3_002.png" x="130" y="171" width="17" height="23"/>
	<SubTexture name="carSilver3_003.png" x="98" y="131" width="32" height="25"/>
	<SubTexture name="carSilver3_004.png" x="98" y="102" width="32" height="29"/>
	<SubTexture name="carSilver3_005.png" x="98" y="181" width="32" height="23"/>
	<SubTexture name="carSilver3_006.png" x="129" y="358" width="31" height="23"/>
	<SubTexture name="carSilver3_007.png" x="33" y="115" width="33" height="26"/>
	<SubTexture name="carSilver3_008.png" x="98" y="286" width="32" height="27"/>
	<SubTexture name="carSilver3_009.png" x="99" y="24" width="31" height="23"/>
	<SubTexture name="carSilver3_010.png" x="98" y="256" width="32" height="30"/>
	<SubTexture name="carSilver3_011.png" x="98" y="234" width="32" height="22"/>
	<SubTexture name="carSilver3_012.png" x="130" y="93" width="17" height="24"/>
	<SubTexture name="carSilver3_013.png" x="97" y="380" width="32" height="22"/>
	<SubTexture name="carSilver3_014.png" x="97" y="350" width="32" height="30"/>
	<SubTexture name="carSilver3_015.png" x="67" y="54" width="32" height="22"/>
	<SubTexture name="carSilver4_000.png" x="33" y="141" width="33" height="31"/>
	<SubTexture name="carSilver4_001.png" x="98" y="76" width="32" height="26"/>
	<SubTexture name="carSilver4_002.png" x="130" y="117" width="17" height="24"/>
	<SubTexture name="carSilver4_003.png" x="97" y="456" width="32" height="26"/>
	<SubTexture name="carSilver4_004.png" x="33" y="312" width="33" height="32"/>
	<SubTexture name="carSilver4_005.png" x="33" y="228" width="33" height="22"/>
	<SubTexture name="carSilver4_006.png" x="129" y="313" width="31" height="22"/>
	<SubTexture name="carSilver4_007.png" x="33" y="172" width="33" height="27"/>
	<SubTexture name="carSilver4_008.png" x="97" y="324" width="32" height="26"/>
	<SubTexture name="carSilver4_009.png" x="99" y="47" width="31" height="22"/>
	<SubTexture name="carSilver4_010.png" x="33" y="250" width="33" height="31"/>
	<SubTexture name="carSilver4_011.png" x="0" y="491" width="33" height="21"/>
	<SubTexture name="carSilver4_012.png" x="130" y="268" width="17" height="24"/>
	<SubTexture name="carSilver4_013.png" x="66" y="303" width="32" height="21"/>
	<SubTexture name="carSilver4_014.png" x="66" y="240" width="32" height="32"/>
	<SubTexture name="carSilver4_015.png" x="0" y="372" width="33" height="21"/>
	<SubTexture name="carSilver5_000.png" x="0" y="137" width="33" height="22"/>
	<SubTexture name="carSilver5_001.png" x="66" y="156" width="32" height="31"/>
	<SubTexture name="carSilver5_002.png" x="66" y="134" width="32" height="22"/>
	<SubTexture name="carSilver5_003.png" x="0" y="264" width="33" height="30"/>
	<SubTexture name="carSilver5_004.png" x="66" y="83" width="32" height="25"/>
	<SubTexture name="carSilver5_005.png" x="147" y="71" width="17" height="23"/>
	<SubTexture name="carSilver5_006.png" x="65" y="442" width="32" height="24"/>
	<SubTexture name="carSilver5_007.png" x="33" y="199" width="33" height="29"/>
	<SubTexture name="carSilver5_008.png" x="65" y="393" width="32" height="22"/>
	<SubTexture name="carSilver5_009.png" x="99" y="0" width="31" height="24"/>
	<SubTexture name="carSilver5_010.png" x="65" y="344" width="32" height="27"/>
	<SubTexture name="carSilver5_011.png" x="35" y="57" width="32" height="26"/>
	<SubTexture name="carSilver5_012.png" x="129" y="335" width="31" height="23"/>
	<SubTexture name="carSilver5_013.png" x="35" y="0" width="32" height="32"/>
	<SubTexture name="carSilver5_014.png" x="34" y="83" width="32" height="22"/>
	<SubTexture name="carSilver5_015.png" x="130" y="222" width="17" height="24"/>
	<SubTexture name="carSilver6_000.png" x="0" y="83" width="34" height="32"/>
	<SubTexture name="carSilver6_001.png" x="33" y="281" width="33" height="31"/>
	<SubTexture name="carSilver6_002.png" x="130" y="194" width="17" height="28"/>
	<SubTexture name="carSilver6_003.png" x="65" y="466" width="32" height="30"/>
	<SubTexture name="carSilver6_004.png" x="0" y="0" width="35" height="32"/>
	<SubTexture name="carSilver6_005.png" x="0" y="324" width="33" height="26"/>
	<SubTexture name="carSilver6_006.png" x="66" y="108" width="32" height="26"/>
	<SubTexture name="carSilver6_007.png" x="0" y="210" width="33" height="32"/>
	<SubTexture name="carSilver6_008.png" x="0" y="423" width="33" height="32"/>
	<SubTexture name="carSilver6_009.png" x="33" y="418" width="32" height="26"/>
	<SubTexture name="carSilver6_010.png" x="33" y="466" width="32" height="35"/>
	<SubTexture name="carSilver6_011.png" x="0" y="32" width="35" height="26"/>
	<SubTexture name="carSilver6_012.png" x="130" y="141" width="17" height="30"/>
	<SubTexture name="carSilver6_013.png" x="0" y="58" width="35" height="25"/>
	<SubTexture name="carSilver6_014.png" x="0" y="455" width="33" height="36"/>
	<SubTexture name="carSilver6_015.png" x="33" y="393" width="32" height="25"/>
</TextureAtlas>