<TextureAtlas imagePath="sheet.png">
	<SubTexture name="carBlue1_000.png" x="0" y="115" width="33" height="30"/>
	<SubTexture name="carBlue1_001.png" x="66" y="156" width="32" height="26"/>
	<SubTexture name="carBlue1_002.png" x="130" y="22" width="18" height="24"/>
	<SubTexture name="carBlue1_003.png" x="66" y="100" width="32" height="27"/>
	<SubTexture name="carBlue1_004.png" x="33" y="325" width="33" height="30"/>
	<SubTexture name="carBlue1_005.png" x="65" y="490" width="32" height="22"/>
	<SubTexture name="carBlue1_006.png" x="99" y="47" width="31" height="23"/>
	<SubTexture name="carBlue1_007.png" x="65" y="440" width="32" height="25"/>
	<SubTexture name="carBlue1_008.png" x="33" y="217" width="33" height="26"/>
	<SubTexture name="carBlue1_009.png" x="98" y="313" width="31" height="23"/>
	<SubTexture name="carBlue1_010.png" x="65" y="355" width="32" height="31"/>
	<SubTexture name="carBlue1_011.png" x="35" y="52" width="32" height="23"/>
	<SubTexture name="carBlue1_012.png" x="130" y="138" width="17" height="24"/>
	<SubTexture name="carBlue1_013.png" x="33" y="303" width="33" height="22"/>
	<SubTexture name="carBlue1_014.png" x="34" y="83" width="32" height="31"/>
	<SubTexture name="carBlue1_015.png" x="33" y="480" width="32" height="22"/>
	<SubTexture name="carBlue2_000.png" x="129" y="313" width="31" height="30"/>
	<SubTexture name="carBlue2_001.png" x="33" y="428" width="32" height="22"/>
	<SubTexture name="carBlue2_002.png" x="66" y="226" width="32" height="29"/>
	<SubTexture name="carBlue2_003.png" x="0" y="222" width="33" height="25"/>
	<SubTexture name="carBlue2_004.png" x="130" y="94" width="17" height="22"/>
	<SubTexture name="carBlue2_005.png" x="65" y="415" width="32" height="25"/>
	<SubTexture name="carBlue2_006.png" x="65" y="386" width="32" height="29"/>
	<SubTexture name="carBlue2_007.png" x="130" y="0" width="31" height="22"/>
	<SubTexture name="carBlue2_008.png" x="129" y="486" width="31" height="24"/>
	<SubTexture name="carBlue2_009.png" x="33" y="355" width="32" height="26"/>
	<SubTexture name="carBlue2_010.png" x="33" y="403" width="32" height="25"/>
	<SubTexture name="carBlue2_011.png" x="129" y="388" width="31" height="23"/>
	<SubTexture name="carBlue2_012.png" x="129" y="411" width="31" height="30"/>
	<SubTexture name="carBlue2_013.png" x="33" y="115" width="33" height="22"/>
	<SubTexture name="carBlue2_014.png" x="130" y="116" width="17" height="22"/>
	<SubTexture name="carBlue2_015.png" x="0" y="447" width="33" height="22"/>
	<SubTexture name="carBlue3_000.png" x="35" y="0" width="32" height="22"/>
	<SubTexture name="carBlue3_001.png" x="35" y="22" width="32" height="30"/>
	<SubTexture name="carBlue3_002.png" x="33" y="381" width="32" height="22"/>
	<SubTexture name="carBlue3_003.png" x="33" y="450" width="32" height="30"/>
	<SubTexture name="carBlue3_004.png" x="66" y="75" width="32" height="25"/>
	<SubTexture name="carBlue3_005.png" x="130" y="214" width="17" height="23"/>
	<SubTexture name="carBlue3_006.png" x="65" y="465" width="32" height="25"/>
	<SubTexture name="carBlue3_007.png" x="66" y="127" width="32" height="29"/>
	<SubTexture name="carBlue3_008.png" x="66" y="203" width="32" height="23"/>
	<SubTexture name="carBlue3_009.png" x="129" y="441" width="31" height="23"/>
	<SubTexture name="carBlue3_010.png" x="0" y="145" width="33" height="26"/>
	<SubTexture name="carBlue3_011.png" x="66" y="255" width="32" height="27"/>
	<SubTexture name="carBlue3_012.png" x="129" y="343" width="31" height="23"/>
	<SubTexture name="carBlue3_013.png" x="97" y="375" width="32" height="30"/>
	<SubTexture name="carBlue3_014.png" x="97" y="457" width="32" height="22"/>
	<SubTexture name="carBlue3_015.png" x="130" y="237" width="17" height="24"/>
	<SubTexture name="carBlue4_000.png" x="66" y="182" width="32" height="21"/>
	<SubTexture name="carBlue4_001.png" x="97" y="343" width="32" height="32"/>
	<SubTexture name="carBlue4_002.png" x="0" y="171" width="33" height="21"/>
	<SubTexture name="carBlue4_003.png" x="0" y="279" width="33" height="31"/>
	<SubTexture name="carBlue4_004.png" x="67" y="48" width="32" height="26"/>
	<SubTexture name="carBlue4_005.png" x="130" y="162" width="17" height="24"/>
	<SubTexture name="carBlue4_006.png" x="98" y="99" width="32" height="26"/>
	<SubTexture name="carBlue4_007.png" x="0" y="469" width="33" height="32"/>
	<SubTexture name="carBlue4_008.png" x="33" y="137" width="33" height="22"/>
	<SubTexture name="carBlue4_009.png" x="129" y="366" width="31" height="22"/>
	<SubTexture name="carBlue4_010.png" x="33" y="159" width="33" height="27"/>
	<SubTexture name="carBlue4_011.png" x="98" y="180" width="32" height="26"/>
	<SubTexture name="carBlue4_012.png" x="129" y="464" width="31" height="22"/>
	<SubTexture name="carBlue4_013.png" x="33" y="186" width="33" height="31"/>
	<SubTexture name="carBlue4_014.png" x="0" y="368" width="33" height="21"/>
	<SubTexture name="carBlue4_015.png" x="130" y="46" width="17" height="24"/>
	<SubTexture name="carBlue5_000.png" x="0" y="192" width="33" height="30"/>
	<SubTexture name="carBlue5_001.png" x="98" y="74" width="32" height="25"/>
	<SubTexture name="carBlue5_002.png" x="130" y="261" width="17" height="23"/>
	<SubTexture name="carBlue5_003.png" x="98" y="125" width="32" height="24"/>
	<SubTexture name="carBlue5_004.png" x="33" y="243" width="33" height="29"/>
	<SubTexture name="carBlue5_005.png" x="67" y="0" width="32" height="22"/>
	<SubTexture name="carBlue5_006.png" x="99" y="23" width="31" height="24"/>
	<SubTexture name="carBlue5_007.png" x="98" y="286" width="32" height="27"/>
	<SubTexture name="carBlue5_008.png" x="98" y="228" width="32" height="26"/>
	<SubTexture name="carBlue5_009.png" x="99" y="0" width="31" height="23"/>
	<SubTexture name="carBlue5_010.png" x="98" y="254" width="32" height="32"/>
	<SubTexture name="carBlue5_011.png" x="98" y="206" width="32" height="22"/>
	<SubTexture name="carBlue5_012.png" x="130" y="70" width="17" height="24"/>
	<SubTexture name="carBlue5_013.png" x="0" y="389" width="33" height="22"/>
	<SubTexture name="carBlue5_014.png" x="98" y="149" width="32" height="31"/>
	<SubTexture name="carBlue5_015.png" x="97" y="435" width="32" height="22"/>
	<SubTexture name="carBlue6_000.png" x="0" y="0" width="35" height="25"/>
	<SubTexture name="carBlue6_001.png" x="0" y="411" width="33" height="36"/>
	<SubTexture name="carBlue6_002.png" x="97" y="479" width="32" height="25"/>
	<SubTexture name="carBlue6_003.png" x="0" y="83" width="34" height="32"/>
	<SubTexture name="carBlue6_004.png" x="33" y="272" width="33" height="31"/>
	<SubTexture name="carBlue6_005.png" x="130" y="186" width="17" height="28"/>
	<SubTexture name="carBlue6_006.png" x="97" y="405" width="32" height="30"/>
	<SubTexture name="carBlue6_007.png" x="0" y="51" width="35" height="32"/>
	<SubTexture name="carBlue6_008.png" x="0" y="310" width="33" height="26"/>
	<SubTexture name="carBlue6_009.png" x="67" y="22" width="32" height="26"/>
	<SubTexture name="carBlue6_010.png" x="0" y="336" width="33" height="32"/>
	<SubTexture name="carBlue6_011.png" x="0" y="247" width="33" height="32"/>
	<SubTexture name="carBlue6_012.png" x="66" y="282" width="32" height="26"/>
	<SubTexture name="carBlue6_013.png" x="66" y="308" width="32" height="35"/>
	<SubTexture name="carBlue6_014.png" x="0" y="25" width="35" height="26"/>
	<SubTexture name="carBlue6_015.png" x="147" y="46" width="17" height="30"/>
</TextureAtlas>