<TextureAtlas imagePath="sheet.png">
	<SubTexture name="carBlack1_000.png" x="66" y="170" width="32" height="26"/>
	<SubTexture name="carBlack1_001.png" x="130" y="68" width="18" height="24"/>
	<SubTexture name="carBlack1_002.png" x="98" y="52" width="32" height="27"/>
	<SubTexture name="carBlack1_003.png" x="0" y="315" width="33" height="30"/>
	<SubTexture name="carBlack1_004.png" x="67" y="30" width="32" height="22"/>
	<SubTexture name="carBlack1_005.png" x="130" y="45" width="31" height="23"/>
	<SubTexture name="carBlack1_006.png" x="97" y="389" width="32" height="25"/>
	<SubTexture name="carBlack1_007.png" x="0" y="370" width="33" height="26"/>
	<SubTexture name="carBlack1_008.png" x="130" y="22" width="31" height="23"/>
	<SubTexture name="carBlack1_009.png" x="97" y="358" width="32" height="31"/>
	<SubTexture name="carBlack1_010.png" x="98" y="207" width="32" height="23"/>
	<SubTexture name="carBlack1_011.png" x="130" y="140" width="17" height="24"/>
	<SubTexture name="carBlack1_012.png" x="33" y="137" width="33" height="22"/>
	<SubTexture name="carBlack1_013.png" x="98" y="284" width="32" height="31"/>
	<SubTexture name="carBlack1_014.png" x="98" y="185" width="32" height="22"/>
	<SubTexture name="carBlack1_015.png" x="33" y="209" width="33" height="30"/>
	<SubTexture name="carBlack2_000.png" x="98" y="163" width="32" height="22"/>
	<SubTexture name="carBlack2_001.png" x="98" y="134" width="32" height="29"/>
	<SubTexture name="carBlack2_002.png" x="0" y="345" width="33" height="25"/>
	<SubTexture name="carBlack2_003.png" x="147" y="92" width="17" height="22"/>
	<SubTexture name="carBlack2_004.png" x="98" y="230" width="32" height="25"/>
	<SubTexture name="carBlack2_005.png" x="98" y="255" width="32" height="29"/>
	<SubTexture name="carBlack2_006.png" x="130" y="0" width="31" height="22"/>
	<SubTexture name="carBlack2_007.png" x="129" y="383" width="31" height="24"/>
	<SubTexture name="carBlack2_008.png" x="66" y="283" width="32" height="26"/>
	<SubTexture name="carBlack2_009.png" x="66" y="145" width="32" height="25"/>
	<SubTexture name="carBlack2_010.png" x="129" y="315" width="31" height="23"/>
	<SubTexture name="carBlack2_011.png" x="129" y="454" width="31" height="30"/>
	<SubTexture name="carBlack2_012.png" x="33" y="292" width="33" height="22"/>
	<SubTexture name="carBlack2_013.png" x="130" y="188" width="17" height="22"/>
	<SubTexture name="carBlack2_014.png" x="33" y="239" width="33" height="22"/>
	<SubTexture name="carBlack2_015.png" x="99" y="0" width="31" height="30"/>
	<SubTexture name="carBlack3_000.png" x="98" y="104" width="32" height="30"/>
	<SubTexture name="carBlack3_001.png" x="98" y="79" width="32" height="25"/>
	<SubTexture name="carBlack3_002.png" x="130" y="287" width="17" height="23"/>
	<SubTexture name="carBlack3_003.png" x="97" y="466" width="32" height="25"/>
	<SubTexture name="carBlack3_004.png" x="97" y="437" width="32" height="29"/>
	<SubTexture name="carBlack3_005.png" x="97" y="414" width="32" height="23"/>
	<SubTexture name="carBlack3_006.png" x="129" y="338" width="31" height="23"/>
	<SubTexture name="carBlack3_007.png" x="0" y="486" width="33" height="26"/>
	<SubTexture name="carBlack3_008.png" x="97" y="331" width="32" height="27"/>
	<SubTexture name="carBlack3_009.png" x="129" y="431" width="31" height="23"/>
	<SubTexture name="carBlack3_010.png" x="67" y="0" width="32" height="30"/>
	<SubTexture name="carBlack3_011.png" x="66" y="309" width="32" height="22"/>
	<SubTexture name="carBlack3_012.png" x="130" y="92" width="17" height="24"/>
	<SubTexture name="carBlack3_013.png" x="66" y="97" width="32" height="22"/>
	<SubTexture name="carBlack3_014.png" x="66" y="218" width="32" height="30"/>
	<SubTexture name="carBlack3_015.png" x="66" y="196" width="32" height="22"/>
	<SubTexture name="carBlack4_000.png" x="0" y="151" width="33" height="21"/>
	<SubTexture name="carBlack4_001.png" x="0" y="258" width="33" height="31"/>
	<SubTexture name="carBlack4_002.png" x="66" y="119" width="32" height="26"/>
	<SubTexture name="carBlack4_003.png" x="130" y="164" width="17" height="24"/>
	<SubTexture name="carBlack4_004.png" x="66" y="71" width="32" height="26"/>
	<SubTexture name="carBlack4_005.png" x="0" y="427" width="33" height="32"/>
	<SubTexture name="carBlack4_006.png" x="0" y="172" width="33" height="22"/>
	<SubTexture name="carBlack4_007.png" x="129" y="361" width="31" height="22"/>
	<SubTexture name="carBlack4_008.png" x="0" y="459" width="33" height="27"/>
	<SubTexture name="carBlack4_009.png" x="65" y="370" width="32" height="26"/>
	<SubTexture name="carBlack4_010.png" x="99" y="30" width="31" height="22"/>
	<SubTexture name="carBlack4_011.png" x="33" y="261" width="33" height="31"/>
	<SubTexture name="carBlack4_012.png" x="33" y="159" width="33" height="21"/>
	<SubTexture name="carBlack4_013.png" x="130" y="233" width="17" height="24"/>
	<SubTexture name="carBlack4_014.png" x="34" y="83" width="32" height="21"/>
	<SubTexture name="carBlack4_015.png" x="33" y="480" width="32" height="32"/>
	<SubTexture name="carBlack5_000.png" x="33" y="314" width="33" height="30"/>
	<SubTexture name="carBlack5_001.png" x="33" y="424" width="32" height="25"/>
	<SubTexture name="carBlack5_002.png" x="130" y="210" width="17" height="23"/>
	<SubTexture name="carBlack5_003.png" x="35" y="0" width="32" height="24"/>
	<SubTexture name="carBlack5_004.png" x="33" y="180" width="33" height="29"/>
	<SubTexture name="carBlack5_005.png" x="65" y="426" width="32" height="22"/>
	<SubTexture name="carBlack5_006.png" x="129" y="407" width="31" height="24"/>
	<SubTexture name="carBlack5_007.png" x="65" y="474" width="32" height="27"/>
	<SubTexture name="carBlack5_008.png" x="65" y="448" width="32" height="26"/>
	<SubTexture name="carBlack5_009.png" x="129" y="484" width="31" height="23"/>
	<SubTexture name="carBlack5_010.png" x="33" y="366" width="32" height="32"/>
	<SubTexture name="carBlack5_011.png" x="33" y="344" width="32" height="22"/>
	<SubTexture name="carBlack5_012.png" x="130" y="116" width="17" height="24"/>
	<SubTexture name="carBlack5_013.png" x="33" y="115" width="33" height="22"/>
	<SubTexture name="carBlack5_014.png" x="33" y="449" width="32" height="31"/>
	<SubTexture name="carBlack5_015.png" x="35" y="24" width="32" height="22"/>
	<SubTexture name="carBlack6_000.png" x="0" y="83" width="34" height="32"/>
	<SubTexture name="carBlack6_001.png" x="0" y="396" width="33" height="31"/>
	<SubTexture name="carBlack6_002.png" x="147" y="114" width="17" height="28"/>
	<SubTexture name="carBlack6_003.png" x="65" y="396" width="32" height="30"/>
	<SubTexture name="carBlack6_004.png" x="0" y="51" width="35" height="32"/>
	<SubTexture name="carBlack6_005.png" x="0" y="289" width="33" height="26"/>
	<SubTexture name="carBlack6_006.png" x="65" y="344" width="32" height="26"/>
	<SubTexture name="carBlack6_007.png" x="0" y="226" width="33" height="32"/>
	<SubTexture name="carBlack6_008.png" x="0" y="194" width="33" height="32"/>
	<SubTexture name="carBlack6_009.png" x="33" y="398" width="32" height="26"/>
	<SubTexture name="carBlack6_010.png" x="66" y="248" width="32" height="35"/>
	<SubTexture name="carBlack6_011.png" x="0" y="25" width="35" height="26"/>
	<SubTexture name="carBlack6_012.png" x="130" y="257" width="17" height="30"/>
	<SubTexture name="carBlack6_013.png" x="0" y="0" width="35" height="25"/>
	<SubTexture name="carBlack6_014.png" x="0" y="115" width="33" height="36"/>
	<SubTexture name="carBlack6_015.png" x="35" y="46" width="32" height="25"/>
</TextureAtlas>