<TextureAtlas imagePath="sheet.png">
	<SubTexture name="wood000.png" x="50" y="205" width="50" height="55"/>
	<SubTexture name="wood001.png" x="50" y="150" width="50" height="55"/>
	<SubTexture name="wood002.png" x="50" y="95" width="50" height="55"/>
	<SubTexture name="wood003.png" x="50" y="55" width="50" height="40"/>
	<SubTexture name="wood004.png" x="50" y="0" width="50" height="55"/>
	<SubTexture name="wood005.png" x="0" y="434" width="50" height="55"/>
	<SubTexture name="wood006.png" x="0" y="379" width="50" height="55"/>
	<SubTexture name="wood007.png" x="0" y="324" width="50" height="55"/>
	<SubTexture name="wood008.png" x="0" y="290" width="50" height="34"/>
	<SubTexture name="wood009.png" x="0" y="256" width="50" height="34"/>
	<SubTexture name="wood010.png" x="0" y="216" width="50" height="40"/>
	<SubTexture name="wood011.png" x="0" y="176" width="50" height="40"/>
	<SubTexture name="wood012.png" x="0" y="136" width="50" height="40"/>
	<SubTexture name="wood013.png" x="0" y="96" width="50" height="40"/>
	<SubTexture name="wood014.png" x="0" y="68" width="50" height="28"/>
	<SubTexture name="wood015.png" x="0" y="40" width="50" height="28"/>
	<SubTexture name="wood016.png" x="0" y="0" width="50" height="40"/>
	<SubTexture name="wood017.png" x="400" y="55" width="50" height="40"/>
	<SubTexture name="wood018.png" x="700" y="53" width="50" height="28"/>
	<SubTexture name="wood019.png" x="700" y="25" width="50" height="28"/>
	<SubTexture name="wood020.png" x="700" y="0" width="50" height="25"/>
	<SubTexture name="wood021.png" x="650" y="480" width="50" height="30"/>
	<SubTexture name="wood022.png" x="650" y="425" width="50" height="55"/>
	<SubTexture name="wood023.png" x="650" y="370" width="50" height="55"/>
	<SubTexture name="wood024.png" x="650" y="315" width="50" height="55"/>
	<SubTexture name="wood025.png" x="650" y="260" width="50" height="55"/>
	<SubTexture name="wood026.png" x="650" y="220" width="50" height="40"/>
	<SubTexture name="wood027.png" x="650" y="165" width="50" height="55"/>
	<SubTexture name="wood028.png" x="650" y="110" width="50" height="55"/>
	<SubTexture name="wood029.png" x="650" y="55" width="50" height="55"/>
	<SubTexture name="wood030.png" x="650" y="0" width="50" height="55"/>
	<SubTexture name="wood031.png" x="600" y="471" width="50" height="34"/>
	<SubTexture name="wood032.png" x="600" y="437" width="50" height="34"/>
	<SubTexture name="wood033.png" x="600" y="397" width="50" height="40"/>
	<SubTexture name="wood034.png" x="600" y="357" width="50" height="40"/>
	<SubTexture name="wood035.png" x="600" y="317" width="50" height="40"/>
	<SubTexture name="wood036.png" x="600" y="277" width="50" height="40"/>
	<SubTexture name="wood037.png" x="600" y="249" width="50" height="28"/>
	<SubTexture name="wood038.png" x="600" y="221" width="50" height="28"/>
	<SubTexture name="wood039.png" x="600" y="181" width="50" height="40"/>
	<SubTexture name="wood040.png" x="600" y="141" width="50" height="40"/>
	<SubTexture name="wood041.png" x="600" y="113" width="50" height="28"/>
	<SubTexture name="wood042.png" x="600" y="85" width="50" height="28"/>
	<SubTexture name="wood043.png" x="500" y="487" width="50" height="25"/>
	<SubTexture name="wood044.png" x="600" y="55" width="50" height="30"/>
	<SubTexture name="wood045.png" x="600" y="0" width="50" height="55"/>
	<SubTexture name="wood046.png" x="550" y="438" width="50" height="55"/>
	<SubTexture name="wood047.png" x="550" y="383" width="50" height="55"/>
	<SubTexture name="wood048.png" x="550" y="328" width="50" height="55"/>
	<SubTexture name="wood049.png" x="550" y="288" width="50" height="40"/>
	<SubTexture name="wood050.png" x="550" y="233" width="50" height="55"/>
	<SubTexture name="wood051.png" x="550" y="178" width="50" height="55"/>
	<SubTexture name="wood052.png" x="550" y="123" width="50" height="55"/>
	<SubTexture name="wood053.png" x="550" y="68" width="50" height="55"/>
	<SubTexture name="wood054.png" x="550" y="34" width="50" height="34"/>
	<SubTexture name="wood055.png" x="550" y="0" width="50" height="34"/>
	<SubTexture name="wood056.png" x="500" y="447" width="50" height="40"/>
	<SubTexture name="wood057.png" x="500" y="407" width="50" height="40"/>
	<SubTexture name="wood058.png" x="500" y="367" width="50" height="40"/>
	<SubTexture name="wood059.png" x="500" y="327" width="50" height="40"/>
	<SubTexture name="wood060.png" x="500" y="299" width="50" height="28"/>
	<SubTexture name="wood061.png" x="500" y="271" width="50" height="28"/>
	<SubTexture name="wood062.png" x="500" y="231" width="50" height="40"/>
	<SubTexture name="wood063.png" x="500" y="191" width="50" height="40"/>
	<SubTexture name="wood064.png" x="500" y="163" width="50" height="28"/>
	<SubTexture name="wood065.png" x="500" y="135" width="50" height="28"/>
	<SubTexture name="wood066.png" x="500" y="110" width="50" height="25"/>
	<SubTexture name="wood067.png" x="450" y="478" width="50" height="30"/>
	<SubTexture name="wood068.png" x="500" y="55" width="50" height="55"/>
	<SubTexture name="wood069.png" x="500" y="0" width="50" height="55"/>
	<SubTexture name="wood070.png" x="450" y="423" width="50" height="55"/>
	<SubTexture name="wood071.png" x="450" y="368" width="50" height="55"/>
	<SubTexture name="wood072.png" x="450" y="328" width="50" height="40"/>
	<SubTexture name="wood073.png" x="450" y="273" width="50" height="55"/>
	<SubTexture name="wood074.png" x="450" y="218" width="50" height="55"/>
	<SubTexture name="wood075.png" x="450" y="163" width="50" height="55"/>
	<SubTexture name="wood076.png" x="450" y="108" width="50" height="55"/>
	<SubTexture name="wood077.png" x="450" y="74" width="50" height="34"/>
	<SubTexture name="wood078.png" x="450" y="40" width="50" height="34"/>
	<SubTexture name="wood079.png" x="450" y="0" width="50" height="40"/>
	<SubTexture name="wood080.png" x="400" y="448" width="50" height="40"/>
	<SubTexture name="wood081.png" x="400" y="408" width="50" height="40"/>
	<SubTexture name="wood082.png" x="400" y="368" width="50" height="40"/>
	<SubTexture name="wood083.png" x="400" y="340" width="50" height="28"/>
	<SubTexture name="wood084.png" x="250" y="480" width="50" height="28"/>
	<SubTexture name="wood085.png" x="400" y="300" width="50" height="40"/>
	<SubTexture name="wood086.png" x="400" y="260" width="50" height="40"/>
	<SubTexture name="wood087.png" x="200" y="480" width="50" height="28"/>
	<SubTexture name="wood088.png" x="150" y="480" width="50" height="28"/>
	<SubTexture name="wood089.png" x="100" y="480" width="50" height="25"/>
	<SubTexture name="wood090.png" x="50" y="480" width="50" height="30"/>
	<SubTexture name="wood091.png" x="400" y="205" width="50" height="55"/>
	<SubTexture name="wood092.png" x="400" y="150" width="50" height="55"/>
	<SubTexture name="wood093.png" x="400" y="95" width="50" height="55"/>
	<SubTexture name="wood094.png" x="700" y="81" width="50" height="55"/>
	<SubTexture name="wood095.png" x="300" y="465" width="50" height="40"/>
	<SubTexture name="wood096.png" x="400" y="0" width="50" height="55"/>
	<SubTexture name="wood097.png" x="350" y="440" width="50" height="55"/>
	<SubTexture name="wood098.png" x="350" y="385" width="50" height="55"/>
	<SubTexture name="wood099.png" x="350" y="330" width="50" height="55"/>
	<SubTexture name="wood100.png" x="350" y="275" width="50" height="55"/>
	<SubTexture name="wood101.png" x="350" y="220" width="50" height="55"/>
	<SubTexture name="wood102.png" x="350" y="165" width="50" height="55"/>
	<SubTexture name="wood103.png" x="350" y="110" width="50" height="55"/>
	<SubTexture name="wood104.png" x="350" y="55" width="50" height="55"/>
	<SubTexture name="wood105.png" x="350" y="0" width="50" height="55"/>
	<SubTexture name="wood106.png" x="300" y="410" width="50" height="55"/>
	<SubTexture name="wood107.png" x="300" y="355" width="50" height="55"/>
	<SubTexture name="wood108.png" x="300" y="315" width="50" height="40"/>
	<SubTexture name="wood109.png" x="300" y="275" width="50" height="40"/>
	<SubTexture name="wood110.png" x="300" y="220" width="50" height="55"/>
	<SubTexture name="wood111.png" x="300" y="165" width="50" height="55"/>
	<SubTexture name="wood112.png" x="300" y="110" width="50" height="55"/>
	<SubTexture name="wood113.png" x="300" y="55" width="50" height="55"/>
	<SubTexture name="wood114.png" x="300" y="0" width="50" height="55"/>
	<SubTexture name="wood115.png" x="250" y="425" width="50" height="55"/>
	<SubTexture name="wood116.png" x="250" y="370" width="50" height="55"/>
	<SubTexture name="wood117.png" x="250" y="315" width="50" height="55"/>
	<SubTexture name="wood118.png" x="250" y="260" width="50" height="55"/>
	<SubTexture name="wood119.png" x="250" y="205" width="50" height="55"/>
	<SubTexture name="wood120.png" x="250" y="150" width="50" height="55"/>
	<SubTexture name="wood121.png" x="250" y="95" width="50" height="55"/>
	<SubTexture name="wood122.png" x="250" y="55" width="50" height="40"/>
	<SubTexture name="wood123.png" x="250" y="0" width="50" height="55"/>
	<SubTexture name="wood124.png" x="200" y="425" width="50" height="55"/>
	<SubTexture name="wood125.png" x="200" y="370" width="50" height="55"/>
	<SubTexture name="wood126.png" x="200" y="315" width="50" height="55"/>
	<SubTexture name="wood127.png" x="200" y="260" width="50" height="55"/>
	<SubTexture name="wood128.png" x="200" y="205" width="50" height="55"/>
	<SubTexture name="wood129.png" x="200" y="150" width="50" height="55"/>
	<SubTexture name="wood130.png" x="200" y="95" width="50" height="55"/>
	<SubTexture name="wood131.png" x="200" y="55" width="50" height="40"/>
	<SubTexture name="wood132.png" x="200" y="0" width="50" height="55"/>
	<SubTexture name="wood133.png" x="150" y="425" width="50" height="55"/>
	<SubTexture name="wood134.png" x="150" y="370" width="50" height="55"/>
	<SubTexture name="wood135.png" x="150" y="315" width="50" height="55"/>
	<SubTexture name="wood136.png" x="150" y="260" width="50" height="55"/>
	<SubTexture name="wood137.png" x="150" y="205" width="50" height="55"/>
	<SubTexture name="wood138.png" x="150" y="150" width="50" height="55"/>
	<SubTexture name="wood139.png" x="150" y="95" width="50" height="55"/>
	<SubTexture name="wood140.png" x="150" y="55" width="50" height="40"/>
	<SubTexture name="wood141.png" x="150" y="0" width="50" height="55"/>
	<SubTexture name="wood142.png" x="100" y="425" width="50" height="55"/>
	<SubTexture name="wood143.png" x="100" y="370" width="50" height="55"/>
	<SubTexture name="wood144.png" x="100" y="315" width="50" height="55"/>
	<SubTexture name="wood145.png" x="100" y="260" width="50" height="55"/>
	<SubTexture name="wood146.png" x="100" y="205" width="50" height="55"/>
	<SubTexture name="wood147.png" x="100" y="150" width="50" height="55"/>
	<SubTexture name="wood148.png" x="100" y="95" width="50" height="55"/>
	<SubTexture name="wood149.png" x="100" y="55" width="50" height="40"/>
	<SubTexture name="wood150.png" x="100" y="0" width="50" height="55"/>
	<SubTexture name="wood151.png" x="50" y="425" width="50" height="55"/>
	<SubTexture name="wood152.png" x="50" y="370" width="50" height="55"/>
	<SubTexture name="wood153.png" x="50" y="315" width="50" height="55"/>
	<SubTexture name="wood154.png" x="50" y="260" width="50" height="55"/>
</TextureAtlas>