<TextureAtlas imagePath="sprites.png">
	<SubTexture name="castle.png" x="740" y="1416" width="205" height="182"/>
	<SubTexture name="castle_beige.png" x="743" y="1174" width="204" height="182"/>
	<SubTexture name="castle_grey.png" x="745" y="886" width="204" height="182"/>
	<SubTexture name="castle_wall.png" x="0" y="886" width="295" height="138"/>
	<SubTexture name="castle_wall.png" x="0" y="886" width="295" height="138"/>
	<SubTexture name="cloud1.png" x="947" y="1358" width="190" height="127"/>
	<SubTexture name="cloud1.png" x="947" y="1358" width="190" height="127"/>
	<SubTexture name="cloud2.png" x="934" y="1810" width="200" height="125"/>
	<SubTexture name="cloud2.png" x="934" y="1810" width="200" height="125"/>
	<SubTexture name="cloud3.png" x="951" y="886" width="177" height="121"/>
	<SubTexture name="cloud3.png" x="951" y="886" width="177" height="121"/>
	<SubTexture name="cloud4.png" x="297" y="1006" width="228" height="124"/>
	<SubTexture name="cloud4.png" x="297" y="1006" width="228" height="124"/>
	<SubTexture name="cloud5.png" x="251" y="1873" width="239" height="134"/>
	<SubTexture name="cloud5.png" x="251" y="1873" width="239" height="134"/>
	<SubTexture name="cloud6.png" x="0" y="1474" width="266" height="138"/>
	<SubTexture name="cloud6.png" x="0" y="1474" width="266" height="138"/>
	<SubTexture name="cloud7.png" x="288" y="1303" width="234" height="118"/>
	<SubTexture name="cloud7.png" x="288" y="1303" width="234" height="118"/>
	<SubTexture name="cloud8.png" x="722" y="1857" width="210" height="119"/>
	<SubTexture name="cloud8.png" x="722" y="1857" width="210" height="119"/>
	<SubTexture name="cloud9.png" x="528" y="1174" width="213" height="119"/>
	<SubTexture name="cloud9.png" x="528" y="1174" width="213" height="119"/>
	<SubTexture name="clouds1.png" x="0" y="0" width="1001" height="206"/>
	<SubTexture name="clouds2.png" x="0" y="638" width="1000" height="246"/>
	<SubTexture name="fence.png" x="745" y="1070" width="128" height="88"/>
	<SubTexture name="fence.png" x="745" y="1070" width="128" height="88"/>
	<SubTexture name="fence_piece.png" x="740" y="1600" width="110" height="86"/>
	<SubTexture name="fence_piece.png" x="740" y="1600" width="110" height="86"/>
	<SubTexture name="grass1.png" x="160" y="1998" width="26" height="29"/>
	<SubTexture name="grass1.png" x="160" y="1998" width="26" height="29"/>
	<SubTexture name="grass2.png" x="120" y="1998" width="38" height="35"/>
	<SubTexture name="grass2.png" x="120" y="1998" width="38" height="35"/>
	<SubTexture name="grass3.png" x="80" y="1998" width="38" height="35"/>
	<SubTexture name="grass4.png" x="0" y="2009" width="38" height="35"/>
	<SubTexture name="grass5.png" x="216" y="1998" width="26" height="29"/>
	<SubTexture name="grass6.png" x="40" y="1998" width="38" height="35"/>
	<SubTexture name="hills1.png" x="0" y="378" width="1001" height="128"/>
	<SubTexture name="hills2.png" x="0" y="508" width="1001" height="128"/>
	<SubTexture name="house_beige_front.png" x="1281" y="1924" width="102" height="115"/>
	<SubTexture name="house_beige_side.png" x="533" y="886" width="189" height="115"/>
	<SubTexture name="house_front_short.png" x="1002" y="761" width="102" height="115"/>
	<SubTexture name="house_front_tall.png" x="1543" y="464" width="102" height="174"/>
	<SubTexture name="house_grey_front.png" x="1549" y="1436" width="102" height="174"/>
	<SubTexture name="house_grey_side.png" x="1003" y="0" width="174" height="174"/>
	<SubTexture name="house_side_short.png" x="949" y="1070" width="189" height="115"/>
	<SubTexture name="house_side_tall.png" x="1003" y="176" width="174" height="174"/>
	<SubTexture name="moon_full.png" x="1144" y="1629" width="85" height="85"/>
	<SubTexture name="moon_half.png" x="1179" y="254" width="84" height="85"/>
	<SubTexture name="mountain1.png" x="0" y="1166" width="286" height="306"/>
	<SubTexture name="mountain2.png" x="0" y="1754" width="249" height="242"/>
	<SubTexture name="mountain3.png" x="268" y="1474" width="245" height="397"/>
	<SubTexture name="piramid.png" x="515" y="1689" width="215" height="166"/>
	<SubTexture name="piramid.png" x="515" y="1689" width="215" height="166"/>
	<SubTexture name="pointy_mountains.png" x="0" y="208" width="1001" height="168"/>
	<SubTexture name="sun.png" x="852" y="1600" width="87" height="86"/>
	<SubTexture name="temple.png" x="515" y="1423" width="223" height="131"/>
	<SubTexture name="temple.png" x="515" y="1423" width="223" height="131"/>
	<SubTexture name="tower.png" x="1648" y="1612" width="66" height="227"/>
	<SubTexture name="tower_beige.png" x="1647" y="262" width="66" height="227"/>
	<SubTexture name="tower_grey.png" x="1641" y="1164" width="66" height="227"/>
	<SubTexture name="tree01.png" x="1281" y="1629" width="136" height="293"/>
	<SubTexture name="tree01.png" x="1281" y="1629" width="136" height="293"/>
	<SubTexture name="tree02.png" x="1285" y="901" width="136" height="293"/>
	<SubTexture name="tree02.png" x="1285" y="901" width="136" height="293"/>
	<SubTexture name="tree03.png" x="1287" y="1196" width="136" height="293"/>
	<SubTexture name="tree03.png" x="1287" y="1196" width="136" height="293"/>
	<SubTexture name="tree04.png" x="1275" y="606" width="136" height="293"/>
	<SubTexture name="tree04.png" x="1275" y="606" width="136" height="293"/>
	<SubTexture name="tree05.png" x="1322" y="0" width="129" height="230"/>
	<SubTexture name="tree05.png" x="1322" y="0" width="129" height="230"/>
	<SubTexture name="tree06.png" x="1420" y="232" width="128" height="230"/>
	<SubTexture name="tree06.png" x="1420" y="232" width="128" height="230"/>
	<SubTexture name="tree07.png" x="1419" y="1723" width="128" height="230"/>
	<SubTexture name="tree07.png" x="1419" y="1723" width="128" height="230"/>
	<SubTexture name="tree08.png" x="1652" y="491" width="59" height="285"/>
	<SubTexture name="tree08.png" x="1652" y="491" width="59" height="285"/>
	<SubTexture name="tree09.png" x="1682" y="0" width="59" height="245"/>
	<SubTexture name="tree09.png" x="1682" y="0" width="59" height="245"/>
	<SubTexture name="tree10.png" x="1425" y="1193" width="106" height="241"/>
	<SubTexture name="tree10.png" x="1425" y="1193" width="106" height="241"/>
	<SubTexture name="tree11.png" x="1140" y="1068" width="143" height="305"/>
	<SubTexture name="tree11.png" x="1140" y="1068" width="143" height="305"/>
	<SubTexture name="tree12.png" x="1003" y="352" width="141" height="252"/>
	<SubTexture name="tree12.png" x="1003" y="352" width="141" height="252"/>
	<SubTexture name="tree13.png" x="1413" y="486" width="128" height="230"/>
	<SubTexture name="tree13.png" x="1413" y="486" width="128" height="230"/>
	<SubTexture name="tree14.png" x="1059" y="1487" width="48" height="105"/>
	<SubTexture name="tree15.png" x="1064" y="1937" width="48" height="105"/>
	<SubTexture name="tree16.png" x="1550" y="262" width="70" height="144"/>
	<SubTexture name="tree17.png" x="1715" y="247" width="53" height="144"/>
	<SubTexture name="tree18.png" x="1180" y="606" width="70" height="144"/>
	<SubTexture name="tree19.png" x="1653" y="1393" width="53" height="144"/>
	<SubTexture name="tree20.png" x="1553" y="640" width="97" height="260"/>
	<SubTexture name="tree21.png" x="1583" y="0" width="97" height="260"/>
	<SubTexture name="tree22.png" x="1639" y="902" width="97" height="260"/>
	<SubTexture name="tree23.png" x="1713" y="491" width="59" height="285"/>
	<SubTexture name="tree24.png" x="1770" y="1039" width="59" height="285"/>
	<SubTexture name="tree25.png" x="1743" y="0" width="59" height="245"/>
	<SubTexture name="tree26.png" x="1716" y="1686" width="59" height="245"/>
	<SubTexture name="tree27.png" x="1716" y="1425" width="59" height="259"/>
	<SubTexture name="tree28.png" x="1738" y="778" width="59" height="259"/>
	<SubTexture name="tree29.png" x="1136" y="1727" width="143" height="305"/>
	<SubTexture name="tree30.png" x="1130" y="761" width="143" height="305"/>
	<SubTexture name="tree31.png" x="1146" y="352" width="141" height="252"/>
	<SubTexture name="tree32.png" x="1179" y="0" width="141" height="252"/>
	<SubTexture name="tree33.png" x="1144" y="1375" width="141" height="252"/>
	<SubTexture name="tree34.png" x="1289" y="254" width="129" height="230"/>
	<SubTexture name="tree35.png" x="1453" y="0" width="128" height="230"/>
</TextureAtlas>