<TextureAtlas imagePath="sprites.png">
	<SubTexture name="brickBlack01.png" x="718" y="500" width="32" height="32"/>
	<SubTexture name="brickBlack02.png" x="716" y="66" width="64" height="32"/>
	<SubTexture name="brickBlack03.png" x="0" y="732" width="128" height="32"/>
	<SubTexture name="brickBlack04.png" x="0" y="66" width="192" height="32"/>
	<SubTexture name="brickBlack05.png" x="752" y="432" width="32" height="64"/>
	<SubTexture name="brickBlack06.png" x="718" y="234" width="64" height="64"/>
	<SubTexture name="brickBlack07.png" x="260" y="726" width="128" height="64"/>
	<SubTexture name="brickBlack08.png" x="0" y="100" width="192" height="64"/>
	<SubTexture name="brickBlack09.png" x="718" y="300" width="64" height="64"/>
	<SubTexture name="brickBlack10.png" x="718" y="366" width="64" height="64"/>
	<SubTexture name="brickBlack11.png" x="324" y="0" width="128" height="64"/>
	<SubTexture name="brickBlack12.png" x="390" y="730" width="128" height="64"/>
	<SubTexture name="brickBlack13.png" x="652" y="726" width="64" height="64"/>
	<SubTexture name="brickBlack14.png" x="716" y="134" width="64" height="64"/>
	<SubTexture name="brickBlack15.png" x="454" y="132" width="128" height="64"/>
	<SubTexture name="brickBlack16.png" x="454" y="198" width="128" height="64"/>
	<SubTexture name="brickBlue01.png" x="718" y="432" width="32" height="32"/>
	<SubTexture name="brickBlue02.png" x="716" y="100" width="64" height="32"/>
	<SubTexture name="brickBlue03.png" x="390" y="562" width="128" height="32"/>
	<SubTexture name="brickBlue04.png" x="0" y="266" width="192" height="32"/>
	<SubTexture name="brickBlue05.png" x="718" y="700" width="32" height="64"/>
	<SubTexture name="brickBlue06.png" x="652" y="660" width="64" height="64"/>
	<SubTexture name="brickBlue07.png" x="324" y="232" width="128" height="64"/>
	<SubTexture name="brickBlue08.png" x="0" y="300" width="192" height="64"/>
	<SubTexture name="brickBlue09.png" x="652" y="462" width="64" height="64"/>
	<SubTexture name="brickBlue10.png" x="652" y="396" width="64" height="64"/>
	<SubTexture name="brickBlue11.png" x="194" y="462" width="128" height="64"/>
	<SubTexture name="brickBlue12.png" x="194" y="528" width="128" height="64"/>
	<SubTexture name="brickBlue13.png" x="650" y="198" width="64" height="64"/>
	<SubTexture name="brickBlue14.png" x="650" y="132" width="64" height="64"/>
	<SubTexture name="brickBlue15.png" x="260" y="660" width="128" height="64"/>
	<SubTexture name="brickBlue16.png" x="324" y="66" width="128" height="64"/>
	<SubTexture name="brickGreen01.png" x="586" y="760" width="64" height="32"/>
	<SubTexture name="brickGreen02.png" x="324" y="132" width="128" height="32"/>
	<SubTexture name="brickGreen03.png" x="0" y="232" width="192" height="32"/>
	<SubTexture name="brickGreen04.png" x="752" y="598" width="32" height="64"/>
	<SubTexture name="brickGreen05.png" x="586" y="496" width="64" height="64"/>
	<SubTexture name="brickGreen06.png" x="324" y="166" width="128" height="64"/>
	<SubTexture name="brickGreen07.png" x="0" y="366" width="192" height="64"/>
	<SubTexture name="brickGreen08.png" x="586" y="330" width="64" height="64"/>
	<SubTexture name="brickGreen09.png" x="586" y="264" width="64" height="64"/>
	<SubTexture name="brickGreen10.png" x="324" y="298" width="128" height="64"/>
	<SubTexture name="brickGreen11.png" x="324" y="496" width="128" height="64"/>
	<SubTexture name="brickGreen12.png" x="652" y="594" width="64" height="64"/>
	<SubTexture name="brickGreen13.png" x="584" y="0" width="64" height="64"/>
	<SubTexture name="brickGreen14.png" x="324" y="430" width="128" height="64"/>
	<SubTexture name="brickGreen15.png" x="390" y="630" width="128" height="64"/>
	<SubTexture name="brickGreen16.png" x="718" y="466" width="32" height="32"/>
	<SubTexture name="brickRed01.png" x="390" y="596" width="128" height="32"/>
	<SubTexture name="brickRed02.png" x="0" y="532" width="192" height="32"/>
	<SubTexture name="brickRed03.png" x="718" y="534" width="32" height="64"/>
	<SubTexture name="brickRed04.png" x="520" y="330" width="64" height="64"/>
	<SubTexture name="brickRed05.png" x="194" y="198" width="128" height="64"/>
	<SubTexture name="brickRed06.png" x="0" y="0" width="192" height="64"/>
	<SubTexture name="brickRed07.png" x="652" y="264" width="64" height="64"/>
	<SubTexture name="brickRed08.png" x="652" y="330" width="64" height="64"/>
	<SubTexture name="brickRed09.png" x="194" y="264" width="128" height="64"/>
	<SubTexture name="brickRed10.png" x="324" y="364" width="128" height="64"/>
	<SubTexture name="brickRed11.png" x="520" y="264" width="64" height="64"/>
	<SubTexture name="brickRed12.png" x="454" y="298" width="64" height="64"/>
	<SubTexture name="brickRed13.png" x="454" y="66" width="128" height="64"/>
	<SubTexture name="brickRed14.png" x="454" y="0" width="128" height="64"/>
	<SubTexture name="brickRed15.png" x="752" y="664" width="32" height="32"/>
	<SubTexture name="brickRed16.png" x="454" y="264" width="64" height="32"/>
	<SubTexture name="brickSpecial01.png" x="454" y="496" width="64" height="64"/>
	<SubTexture name="brickSpecial02.png" x="520" y="528" width="64" height="64"/>
	<SubTexture name="brickSpecial03.png" x="520" y="396" width="64" height="64"/>
	<SubTexture name="brickSpecial04.png" x="520" y="660" width="64" height="64"/>
	<SubTexture name="brickSpecial05.png" x="520" y="726" width="64" height="64"/>
	<SubTexture name="brickSpecial06.png" x="520" y="594" width="64" height="64"/>
	<SubTexture name="brickSpecial07.png" x="454" y="364" width="64" height="64"/>
	<SubTexture name="brickSpecial08.png" x="584" y="132" width="64" height="64"/>
	<SubTexture name="brickSpecial09.png" x="454" y="430" width="64" height="64"/>
	<SubTexture name="brickSpecial10.png" x="584" y="198" width="64" height="64"/>
	<SubTexture name="brickWhite01.png" x="586" y="462" width="64" height="32"/>
	<SubTexture name="brickWhite02.png" x="130" y="732" width="128" height="32"/>
	<SubTexture name="brickWhite03.png" x="0" y="566" width="192" height="32"/>
	<SubTexture name="brickWhite04.png" x="718" y="634" width="32" height="64"/>
	<SubTexture name="brickWhite05.png" x="586" y="562" width="64" height="64"/>
	<SubTexture name="brickWhite06.png" x="260" y="594" width="128" height="64"/>
	<SubTexture name="brickWhite07.png" x="0" y="166" width="192" height="64"/>
	<SubTexture name="brickWhite08.png" x="586" y="694" width="64" height="64"/>
	<SubTexture name="brickWhite09.png" x="650" y="0" width="64" height="64"/>
	<SubTexture name="brickWhite10.png" x="194" y="396" width="128" height="64"/>
	<SubTexture name="brickWhite11.png" x="194" y="330" width="128" height="64"/>
	<SubTexture name="brickWhite12.png" x="650" y="66" width="64" height="64"/>
	<SubTexture name="brickWhite13.png" x="584" y="66" width="64" height="64"/>
	<SubTexture name="brickWhite14.png" x="194" y="132" width="128" height="64"/>
	<SubTexture name="brickWhite15.png" x="194" y="66" width="128" height="64"/>
	<SubTexture name="brickWhite16.png" x="752" y="564" width="32" height="32"/>
	<SubTexture name="brickYellow01.png" x="0" y="432" width="192" height="32"/>
	<SubTexture name="brickYellow02.png" x="752" y="498" width="32" height="64"/>
	<SubTexture name="brickYellow03.png" x="520" y="462" width="64" height="64"/>
	<SubTexture name="brickYellow04.png" x="130" y="666" width="128" height="64"/>
	<SubTexture name="brickYellow05.png" x="0" y="466" width="192" height="64"/>
	<SubTexture name="brickYellow06.png" x="586" y="396" width="64" height="64"/>
	<SubTexture name="brickYellow07.png" x="586" y="628" width="64" height="64"/>
	<SubTexture name="brickYellow08.png" x="194" y="0" width="128" height="64"/>
	<SubTexture name="brickYellow09.png" x="0" y="666" width="128" height="64"/>
	<SubTexture name="brickYellow10.png" x="652" y="528" width="64" height="64"/>
	<SubTexture name="brickYellow11.png" x="716" y="0" width="64" height="64"/>
	<SubTexture name="brickYellow12.png" x="0" y="600" width="128" height="64"/>
	<SubTexture name="brickYellow13.png" x="130" y="600" width="128" height="64"/>
	<SubTexture name="brickYellow14.png" x="718" y="600" width="32" height="32"/>
	<SubTexture name="brickYellow15.png" x="716" y="200" width="64" height="32"/>
	<SubTexture name="brickYellow16.png" x="390" y="696" width="128" height="32"/>
</TextureAtlas>