<TextureAtlas imagePath="sheet.png">
	<SubTexture name="ball_blue.png" x="140" y="420" width="70" height="70"/>
	<SubTexture name="ball_green.png" x="140" y="350" width="70" height="70"/>
	<SubTexture name="ball_lightBlue.png" x="140" y="280" width="70" height="70"/>
	<SubTexture name="ball_orange.png" x="140" y="210" width="70" height="70"/>
	<SubTexture name="ball_red.png" x="140" y="140" width="70" height="70"/>
	<SubTexture name="ball_yellow.png" x="140" y="70" width="70" height="70"/>
	<SubTexture name="balls_blue.png" x="140" y="0" width="70" height="70"/>
	<SubTexture name="balls_green.png" x="70" y="420" width="70" height="70"/>
	<SubTexture name="balls_lightBlue.png" x="70" y="350" width="70" height="70"/>
	<SubTexture name="balls_orange.png" x="70" y="280" width="70" height="70"/>
	<SubTexture name="balls_red.png" x="70" y="210" width="70" height="70"/>
	<SubTexture name="balls_yellow.png" x="70" y="140" width="70" height="70"/>
	<SubTexture name="candle_orange1.png" x="70" y="70" width="70" height="70"/>
	<SubTexture name="candle_orange2.png" x="70" y="0" width="70" height="70"/>
	<SubTexture name="candle_yellow1.png" x="0" y="420" width="70" height="70"/>
	<SubTexture name="candle_yellow2.png" x="0" y="350" width="70" height="70"/>
	<SubTexture name="present_large_blue.png" x="0" y="280" width="70" height="70"/>
	<SubTexture name="present_large_green.png" x="0" y="210" width="70" height="70"/>
	<SubTexture name="present_large_lightBlue.png" x="0" y="140" width="70" height="70"/>
	<SubTexture name="present_large_orange.png" x="0" y="70" width="70" height="70"/>
	<SubTexture name="present_large_red.png" x="0" y="0" width="70" height="70"/>
	<SubTexture name="present_large_yellow.png" x="280" y="420" width="70" height="70"/>
	<SubTexture name="present_long_blue.png" x="630" y="350" width="70" height="70"/>
	<SubTexture name="present_long_green.png" x="630" y="280" width="70" height="70"/>
	<SubTexture name="present_long_lightBlue.png" x="630" y="210" width="70" height="70"/>
	<SubTexture name="present_long_orange.png" x="630" y="140" width="70" height="70"/>
	<SubTexture name="present_long_red.png" x="630" y="70" width="70" height="70"/>
	<SubTexture name="present_long_yellow.png" x="630" y="0" width="70" height="70"/>
	<SubTexture name="present_small_blue.png" x="560" y="420" width="70" height="70"/>
	<SubTexture name="present_small_green.png" x="560" y="350" width="70" height="70"/>
	<SubTexture name="present_small_lightBlue.png" x="560" y="280" width="70" height="70"/>
	<SubTexture name="present_small_orange.png" x="560" y="210" width="70" height="70"/>
	<SubTexture name="present_small_red.png" x="560" y="140" width="70" height="70"/>
	<SubTexture name="present_small_yellow.png" x="560" y="70" width="70" height="70"/>
	<SubTexture name="xmasTree_00.png" x="560" y="0" width="70" height="70"/>
	<SubTexture name="xmasTree_01.png" x="490" y="420" width="70" height="70"/>
	<SubTexture name="xmasTree_02.png" x="490" y="350" width="70" height="70"/>
	<SubTexture name="xmasTree_03.png" x="490" y="280" width="70" height="70"/>
	<SubTexture name="xmasTree_04.png" x="490" y="210" width="70" height="70"/>
	<SubTexture name="xmasTree_05.png" x="490" y="140" width="70" height="70"/>
	<SubTexture name="xmasTree_06.png" x="490" y="70" width="70" height="70"/>
	<SubTexture name="xmasTree_07.png" x="490" y="350" width="70" height="70"/>
	<SubTexture name="xmasTree_08.png" x="490" y="0" width="70" height="70"/>
	<SubTexture name="xmasTree_09.png" x="420" y="420" width="70" height="70"/>
	<SubTexture name="xmasTree_10.png" x="420" y="350" width="70" height="70"/>
	<SubTexture name="xmasTree_11.png" x="420" y="280" width="70" height="70"/>
	<SubTexture name="xmasTree_12.png" x="420" y="210" width="70" height="70"/>
	<SubTexture name="xmasTree_13.png" x="420" y="140" width="70" height="70"/>
	<SubTexture name="xmasTree_14.png" x="420" y="70" width="70" height="70"/>
	<SubTexture name="xmasTree_15.png" x="420" y="0" width="70" height="70"/>
	<SubTexture name="xmasTree_16.png" x="350" y="420" width="70" height="70"/>
	<SubTexture name="xmasTree_17.png" x="490" y="350" width="70" height="70"/>
	<SubTexture name="xmasTree_18.png" x="350" y="350" width="70" height="70"/>
	<SubTexture name="xmasTree_19.png" x="350" y="280" width="70" height="70"/>
	<SubTexture name="xmasTree_20.png" x="350" y="210" width="70" height="70"/>
	<SubTexture name="xmasTree_21.png" x="350" y="140" width="70" height="70"/>
	<SubTexture name="xmasTree_22.png" x="490" y="350" width="70" height="70"/>
	<SubTexture name="xmasTree_23.png" x="350" y="70" width="70" height="70"/>
	<SubTexture name="xmasTree_24.png" x="350" y="0" width="70" height="70"/>
	<SubTexture name="xmasTree_25.png" x="630" y="420" width="70" height="70"/>
	<SubTexture name="xmasTree_26.png" x="280" y="350" width="70" height="70"/>
	<SubTexture name="xmasTree_27.png" x="280" y="280" width="70" height="70"/>
	<SubTexture name="xmasTree_28.png" x="280" y="210" width="70" height="70"/>
	<SubTexture name="xmasTree_29.png" x="280" y="140" width="70" height="70"/>
	<SubTexture name="xmasTree_30.png" x="280" y="70" width="70" height="70"/>
	<SubTexture name="xmasTree_31.png" x="280" y="0" width="70" height="70"/>
	<SubTexture name="xmasTree_32.png" x="490" y="350" width="70" height="70"/>
	<SubTexture name="xmasTree_33.png" x="210" y="420" width="70" height="70"/>
	<SubTexture name="xmasTree_34.png" x="210" y="350" width="70" height="70"/>
	<SubTexture name="xmasTree_35.png" x="210" y="280" width="70" height="70"/>
	<SubTexture name="xmasTree_36.png" x="210" y="210" width="70" height="70"/>
	<SubTexture name="xmasTree_37.png" x="210" y="140" width="70" height="70"/>
	<SubTexture name="xmasTree_38.png" x="210" y="70" width="70" height="70"/>
	<SubTexture name="xmasTree_39.png" x="210" y="0" width="70" height="70"/>
</TextureAtlas>