<?xml version="1.0" encoding="UTF-8"?>
<TextureAtlas imagePath="sprites.png">
	<!--
	Created with ShoeBox
	http://renderhjs.net/shoebox/
	-->
	<SubTexture name="item_001.png"	x="674"	y="90"	width="69"	height="71" frameX="-0" frameY="-0" frameWidth="69" frameHeight="71"/>
	<SubTexture name="item_002.png"	x="800"	y="0"	width="50"	height="141" frameX="-0" frameY="-0" frameWidth="50" frameHeight="141"/>
	<SubTexture name="item_003.png"	x="137"	y="717"	width="124"	height="81" frameX="-0" frameY="-0" frameWidth="124" frameHeight="81"/>
	<SubTexture name="item_004.png"	x="837"	y="656"	width="28"	height="105" frameX="-0" frameY="-0" frameWidth="28" frameHeight="105"/>
	<SubTexture name="item_005.png"	x="838"	y="286"	width="27"	height="96" frameX="-0" frameY="-0" frameWidth="27" frameHeight="96"/>
	<SubTexture name="item_006.png"	x="842"	y="886"	width="22"	height="106" frameX="-0" frameY="-0" frameWidth="22" frameHeight="106"/>
	<SubTexture name="item_007.png"	x="272"	y="190"	width="113"	height="118" frameX="-0" frameY="-0" frameWidth="113" frameHeight="118"/>
	<SubTexture name="item_008.png"	x="0"	y="432"	width="145"	height="148" frameX="-0" frameY="-0" frameWidth="145" frameHeight="148"/>
	<SubTexture name="item_009.png"	x="494"	y="0"	width="92"	height="133" frameX="-0" frameY="-0" frameWidth="92" frameHeight="133"/>
	<SubTexture name="item_010.png"	x="153"	y="195"	width="118"	height="169" frameX="-0" frameY="-0" frameWidth="118" frameHeight="169"/>
	<SubTexture name="item_011.png"	x="586"	y="408"	width="83"	height="77" frameX="-0" frameY="-0" frameWidth="83" frameHeight="77"/>
	<SubTexture name="item_012.png"	x="842"	y="538"	width="40"	height="41" frameX="-0" frameY="-0" frameWidth="40" frameHeight="41"/>
	<SubTexture name="item_013.png"	x="0"	y="100"	width="162"	height="94" frameX="-0" frameY="-0" frameWidth="162" frameHeight="94"/>
	<SubTexture name="item_014.png"	x="801"	y="538"	width="40"	height="41" frameX="-0" frameY="-0" frameWidth="40" frameHeight="41"/>
	<SubTexture name="item_015.png"	x="146"	y="432"	width="120"	height="109" frameX="-0" frameY="-0" frameWidth="120" frameHeight="109"/>
	<SubTexture name="item_016.png"	x="663"	y="486"	width="70"	height="87" frameX="-0" frameY="-0" frameWidth="70" frameHeight="87"/>
	<SubTexture name="item_017.png"	x="734"	y="474"	width="66"	height="105" frameX="-0" frameY="-0" frameWidth="66" frameHeight="105"/>
	<SubTexture name="item_018.png"	x="384"	y="497"	width="96"	height="85" frameX="-0" frameY="-0" frameWidth="96" frameHeight="85"/>
	<SubTexture name="item_019.png"	x="741"	y="346"	width="60"	height="95" frameX="-0" frameY="-0" frameWidth="60" frameHeight="95"/>
	<SubTexture name="item_020.png"	x="675"	y="722"	width="68"	height="101" frameX="-0" frameY="-0" frameWidth="68" frameHeight="101"/>
	<SubTexture name="item_021.png"	x="586"	y="486"	width="76"	height="103" frameX="-0" frameY="-0" frameWidth="76" frameHeight="103"/>
	<SubTexture name="item_022.png"	x="669"	y="919"	width="70"	height="103" frameX="-0" frameY="-0" frameWidth="70" frameHeight="103"/>
	<SubTexture name="item_023.png"	x="586"	y="590"	width="75"	height="113" frameX="-0" frameY="-0" frameWidth="75" frameHeight="113"/>
	<SubTexture name="item_024.png"	x="382"	y="859"	width="106"	height="102" frameX="-0" frameY="-0" frameWidth="106" frameHeight="102"/>
	<SubTexture name="item_025.png"	x="664"	y="260"	width="70"	height="119" frameX="-0" frameY="-0" frameWidth="70" frameHeight="119"/>
	<SubTexture name="item_026.png"	x="491"	y="544"	width="94"	height="145" frameX="-0" frameY="-0" frameWidth="94" frameHeight="145"/>
	<SubTexture name="item_027.png"	x="662"	y="590"	width="74"	height="131" frameX="-0" frameY="-0" frameWidth="74" frameHeight="131"/>
	<SubTexture name="item_028.png"	x="384"	y="309"	width="104"	height="187" frameX="-0" frameY="-0" frameWidth="104" frameHeight="187"/>
	<SubTexture name="item_029.png"	x="395"	y="0"	width="98"	height="151" frameX="-0" frameY="-0" frameWidth="98" frameHeight="151"/>
	<SubTexture name="item_030.png"	x="494"	y="213"	width="48"	height="63" frameX="-0" frameY="-0" frameWidth="48" frameHeight="63"/>
	<SubTexture name="item_031.png"	x="489"	y="859"	width="94"	height="127" frameX="-0" frameY="-0" frameWidth="94" frameHeight="127"/>
	<SubTexture name="item_032.png"	x="491"	y="790"	width="52"	height="67" frameX="-0" frameY="-0" frameWidth="52" frameHeight="67"/>
	<SubTexture name="item_033.png"	x="799"	y="936"	width="42"	height="75" frameX="-0" frameY="-0" frameWidth="42" frameHeight="75"/>
	<SubTexture name="item_034.png"	x="745"	y="0"	width="50"	height="75" frameX="-0" frameY="-0" frameWidth="50" frameHeight="75"/>
	<SubTexture name="item_035.png"	x="800"	y="580"	width="42"	height="75" frameX="-0" frameY="-0" frameWidth="42" frameHeight="75"/>
	<SubTexture name="item_036.png"	x="267"	y="365"	width="116"	height="112" frameX="-0" frameY="-0" frameWidth="116" frameHeight="112"/>
	<SubTexture name="item_037.png"	x="135"	y="846"	width="128"	height="113" frameX="-0" frameY="-0" frameWidth="128" frameHeight="113"/>
	<SubTexture name="item_038.png"	x="584"	y="790"	width="90"	height="128" frameX="-0" frameY="-0" frameWidth="90" frameHeight="128"/>
	<SubTexture name="item_039.png"	x="491"	y="690"	width="94"	height="99" frameX="-0" frameY="-0" frameWidth="94" frameHeight="99"/>
	<SubTexture name="item_040.png"	x="585"	y="134"	width="88"	height="125" frameX="-0" frameY="-0" frameWidth="88" frameHeight="125"/>
	<SubTexture name="item_041.png"	x="489"	y="282"	width="98"	height="125" frameX="-0" frameY="-0" frameWidth="98" frameHeight="125"/>
	<SubTexture name="item_042.png"	x="494"	y="134"	width="90"	height="78" frameX="-0" frameY="-0" frameWidth="90" frameHeight="78"/>
	<SubTexture name="item_043.png"	x="282"	y="78"	width="112"	height="107" frameX="-0" frameY="-0" frameWidth="112" frameHeight="107"/>
	<SubTexture name="item_044.png"	x="288"	y="0"	width="96"	height="71" frameX="-0" frameY="-0" frameWidth="96" frameHeight="71"/>
	<SubTexture name="item_045.png"	x="0"	y="195"	width="152"	height="88" frameX="-0" frameY="-0" frameWidth="152" frameHeight="88"/>
	<SubTexture name="item_046.png"	x="264"	y="930"	width="112"	height="79" frameX="-0" frameY="-0" frameWidth="112" frameHeight="79"/>
	<SubTexture name="item_047.png"	x="0"	y="0"	width="174"	height="99" frameX="-0" frameY="-0" frameWidth="174" frameHeight="99"/>
	<SubTexture name="item_048.png"	x="0"	y="581"	width="143"	height="135" frameX="-0" frameY="-0" frameWidth="143" frameHeight="135"/>
	<SubTexture name="item_049.png"	x="0"	y="717"	width="136"	height="128" frameX="-0" frameY="-0" frameWidth="136" frameHeight="128"/>
	<SubTexture name="item_050.png"	x="269"	y="478"	width="114"	height="135" frameX="-0" frameY="-0" frameWidth="114" frameHeight="135"/>
	<SubTexture name="item_051.png"	x="395"	y="152"	width="98"	height="129" frameX="-0" frameY="-0" frameWidth="98" frameHeight="129"/>
	<SubTexture name="item_052.png"	x="489"	y="408"	width="96"	height="135" frameX="-0" frameY="-0" frameWidth="96" frameHeight="135"/>
	<SubTexture name="item_053.png"	x="0"	y="970"	width="130"	height="39" frameX="-0" frameY="-0" frameWidth="130" frameHeight="39"/>
	<SubTexture name="item_054.png"	x="0"	y="284"	width="152"	height="41" frameX="-0" frameY="-0" frameWidth="152" frameHeight="41"/>
	<SubTexture name="item_055.png"	x="146"	y="542"	width="46"	height="37" frameX="-0" frameY="-0" frameWidth="46" frameHeight="37"/>
	<SubTexture name="item_056.png"	x="144"	y="669"	width="50"	height="39" frameX="-0" frameY="-0" frameWidth="50" frameHeight="39"/>
	<SubTexture name="item_057.png"	x="195"	y="669"	width="38"	height="41" frameX="-0" frameY="-0" frameWidth="38" frameHeight="41"/>
	<SubTexture name="item_058.png"	x="227"	y="799"	width="32"	height="41" frameX="-0" frameY="-0" frameWidth="32" frameHeight="41"/>
	<SubTexture name="item_059.png"	x="269"	y="614"	width="52"	height="51" frameX="-0" frameY="-0" frameWidth="52" frameHeight="51"/>
	<SubTexture name="item_060.png"	x="801"	y="442"	width="44"	height="95" frameX="-0" frameY="-0" frameWidth="44" frameHeight="95"/>
	<SubTexture name="item_061.png"	x="744"	y="670"	width="58"	height="109" frameX="-0" frameY="-0" frameWidth="58" frameHeight="109"/>
	<SubTexture name="item_062.png"	x="740"	y="936"	width="58"	height="87" frameX="-0" frameY="-0" frameWidth="58" frameHeight="87"/>
	<SubTexture name="item_063.png"	x="674"	y="162"	width="66"	height="83" frameX="-0" frameY="-0" frameWidth="66" frameHeight="83"/>
	<SubTexture name="item_064.png"	x="584"	y="919"	width="84"	height="99" frameX="-0" frameY="-0" frameWidth="84" frameHeight="99"/>
	<SubTexture name="item_065.png"	x="744"	y="780"	width="24"	height="43" frameX="-0" frameY="-0" frameWidth="24" frameHeight="43"/>
	<SubTexture name="item_066.png"	x="737"	y="580"	width="62"	height="89" frameX="-0" frameY="-0" frameWidth="62" frameHeight="89"/>
	<SubTexture name="item_067.png"	x="670"	y="380"	width="70"	height="93" frameX="-0" frameY="-0" frameWidth="70" frameHeight="93"/>
	<SubTexture name="item_068.png"	x="0"	y="846"	width="134"	height="123" frameX="-0" frameY="-0" frameWidth="134" frameHeight="123"/>
	<SubTexture name="item_069.png"	x="175"	y="0"	width="112"	height="77" frameX="-0" frameY="-0" frameWidth="112" frameHeight="77"/>
	<SubTexture name="item_070.png"	x="144"	y="581"	width="124"	height="87" frameX="-0" frameY="-0" frameWidth="124" frameHeight="87"/>
	<SubTexture name="item_071.png"	x="675"	y="824"	width="64"	height="91" frameX="-0" frameY="-0" frameWidth="64" frameHeight="91"/>
	<SubTexture name="item_072.png"	x="735"	y="246"	width="62"	height="99" frameX="-0" frameY="-0" frameWidth="62" frameHeight="99"/>
	<SubTexture name="item_073.png"	x="147"	y="365"	width="94"	height="57" frameX="-0" frameY="-0" frameWidth="94" frameHeight="57"/>
	<SubTexture name="item_074.png"	x="135"	y="960"	width="98"	height="63" frameX="-0" frameY="-0" frameWidth="98" frameHeight="63"/>
	<SubTexture name="item_075.png"	x="801"	y="780"	width="50"	height="105" frameX="-0" frameY="-0" frameWidth="50" frameHeight="105"/>
	<SubTexture name="item_076.png"	x="232"	y="542"	width="36"	height="37" frameX="-0" frameY="-0" frameWidth="36" frameHeight="37"/>
	<SubTexture name="item_077.png"	x="193"	y="542"	width="38"	height="37" frameX="-0" frameY="-0" frameWidth="38" frameHeight="37"/>
	<SubTexture name="item_078.png"	x="588"	y="260"	width="75"	height="86" frameX="-0" frameY="-0" frameWidth="75" frameHeight="86"/>
	<SubTexture name="item_079.png"	x="382"	y="754"	width="108"	height="104" frameX="-0" frameY="-0" frameWidth="108" frameHeight="104"/>
	<SubTexture name="item_080.png"	x="264"	y="812"	width="117"	height="117" frameX="-0" frameY="-0" frameWidth="117" frameHeight="117"/>
	<SubTexture name="item_081.png"	x="798"	y="176"	width="53"	height="109" frameX="-0" frameY="-0" frameWidth="53" frameHeight="109"/>
	<SubTexture name="item_082.png"	x="802"	y="286"	width="35"	height="111" frameX="-0" frameY="-0" frameWidth="35" frameHeight="111"/>
	<SubTexture name="item_083.png"	x="380"	y="614"	width="110"	height="139" frameX="-0" frameY="-0" frameWidth="110" frameHeight="139"/>
	<SubTexture name="item_084.png"	x="674"	y="0"	width="70"	height="89" frameX="-0" frameY="-0" frameWidth="70" frameHeight="89"/>
	<SubTexture name="item_085.png"	x="803"	y="656"	width="33"	height="89" frameX="-0" frameY="-0" frameWidth="33" frameHeight="89"/>
	<SubTexture name="item_086.png"	x="586"	y="704"	width="72"	height="85" frameX="-0" frameY="-0" frameWidth="72" frameHeight="85"/>
	<SubTexture name="item_087.png"	x="740"	y="824"	width="60"	height="111" frameX="-0" frameY="-0" frameWidth="60" frameHeight="111"/>
	<SubTexture name="item_088.png"	x="163"	y="100"	width="118"	height="89" frameX="-0" frameY="-0" frameWidth="118" frameHeight="89"/>
	<SubTexture name="item_089.png"	x="0"	y="326"	width="146"	height="105" frameX="-0" frameY="-0" frameWidth="146" frameHeight="105"/>
	<SubTexture name="item_090.png"	x="587"	y="0"	width="86"	height="133" frameX="-0" frameY="-0" frameWidth="86" frameHeight="133"/>
	<SubTexture name="item_091.png"	x="262"	y="669"	width="117"	height="142" frameX="-0" frameY="-0" frameWidth="117" frameHeight="142"/>
	<SubTexture name="item_092.png"	x="0"	y="1010"	width="90"	height="13" frameX="-0" frameY="-0" frameWidth="90" frameHeight="13"/>
	<SubTexture name="item_093.png"	x="137"	y="799"	width="89"	height="45" frameX="-0" frameY="-0" frameWidth="89" frameHeight="45"/>
	<SubTexture name="item_094.png"	x="744"	y="90"	width="55"	height="85" frameX="-0" frameY="-0" frameWidth="55" frameHeight="85"/>
</TextureAtlas>