<TextureAtlas imagePath="sprites.png">
	<SubTexture name="elephant.png" x="0" y="1036" width="256" height="257"/>
	<SubTexture name="giraffe.png" x="258" y="259" width="256" height="257"/>
	<SubTexture name="hippo.png" x="258" y="0" width="256" height="257"/>
	<SubTexture name="monkey.png" x="0" y="1554" width="256" height="257"/>
	<SubTexture name="panda.png" x="0" y="1295" width="256" height="257"/>
	<SubTexture name="parrot.png" x="258" y="518" width="256" height="257"/>
	<SubTexture name="penguin.png" x="0" y="777" width="256" height="257"/>
	<SubTexture name="pig.png" x="0" y="518" width="256" height="257"/>
	<SubTexture name="rabbit.png" x="0" y="259" width="256" height="257"/>
	<SubTexture name="snake.png" x="0" y="0" width="256" height="257"/>
</TextureAtlas>