<TextureAtlas imagePath="sprites.png">
	<SubTexture name="giraffe.png" x="0" y="0" width="284" height="285"/>
	<SubTexture name="monkey.png" x="0" y="1148" width="284" height="285"/>
	<SubTexture name="panda.png" x="286" y="287" width="284" height="285"/>
	<SubTexture name="parrot.png" x="286" y="0" width="284" height="285"/>
	<SubTexture name="penguin.png" x="0" y="1722" width="284" height="285"/>
	<SubTexture name="rabbit.png" x="0" y="1435" width="284" height="285"/>
	<SubTexture name="slice08_08.png" x="286" y="574" width="284" height="285"/>
	<SubTexture name="slice09_09.png" x="0" y="861" width="284" height="285"/>
	<SubTexture name="slice10_10.png" x="0" y="574" width="284" height="285"/>
	<SubTexture name="snake.png" x="0" y="287" width="284" height="285"/>
</TextureAtlas>