<TextureAtlas imagePath="sprites.png">
	<SubTexture name="elephant.png" x="0" y="0" width="396" height="314"/>
	<SubTexture name="giraffe.png" x="0" y="879" width="354" height="342"/>
	<SubTexture name="hippo.png" x="0" y="1502" width="304" height="315"/>
	<SubTexture name="monkey.png" x="0" y="316" width="364" height="256"/>
	<SubTexture name="panda.png" x="0" y="574" width="364" height="303"/>
	<SubTexture name="parrot.png" x="306" y="1760" width="256" height="256"/>
	<SubTexture name="penguin.png" x="306" y="1502" width="256" height="256"/>
	<SubTexture name="pig.png" x="0" y="1223" width="331" height="277"/>
	<SubTexture name="rabbit.png" x="366" y="316" width="256" height="386"/>
	<SubTexture name="snake.png" x="356" y="879" width="256" height="306"/>
</TextureAtlas>