<TextureAtlas imagePath="sprites.png">
	<SubTexture name="elephant.png" x="0" y="1033" width="256" height="256"/>
	<SubTexture name="giraffe.png" x="258" y="775" width="256" height="256"/>
	<SubTexture name="hippo.png" x="0" y="0" width="257" height="257"/>
	<SubTexture name="monkey.png" x="0" y="1549" width="256" height="256"/>
	<SubTexture name="panda.png" x="0" y="1291" width="256" height="256"/>
	<SubTexture name="parrot.png" x="258" y="1033" width="256" height="256"/>
	<SubTexture name="penguin.png" x="258" y="517" width="256" height="256"/>
	<SubTexture name="pig.png" x="0" y="259" width="257" height="256"/>
	<SubTexture name="rabbit.png" x="0" y="775" width="256" height="256"/>
	<SubTexture name="snake.png" x="0" y="517" width="256" height="256"/>
</TextureAtlas>