<TextureAtlas imagePath="sprites.png">
	<SubTexture name="elephant.png" x="0" y="1145" width="284" height="284"/>
	<SubTexture name="giraffe.png" x="286" y="859" width="284" height="284"/>
	<SubTexture name="hippo.png" x="0" y="0" width="285" height="285"/>
	<SubTexture name="monkey.png" x="0" y="1717" width="284" height="284"/>
	<SubTexture name="panda.png" x="0" y="1431" width="284" height="284"/>
	<SubTexture name="parrot.png" x="286" y="1145" width="284" height="284"/>
	<SubTexture name="penguin.png" x="286" y="573" width="284" height="284"/>
	<SubTexture name="pig.png" x="0" y="287" width="285" height="284"/>
	<SubTexture name="rabbit.png" x="0" y="859" width="284" height="284"/>
	<SubTexture name="snake.png" x="0" y="573" width="284" height="284"/>
</TextureAtlas>